# Original Techguns ModelMinigun; Techguns Mod License
mtllib minigun.mtl
o Shape1
usemtl gun
v -0.406250000 0.617187500 0.593194783
v -0.406250000 0.617187500 0.530694783
v -0.406250000 0.460937500 0.530694783
v -0.406250000 0.460937500 0.593194783
vt 0.109375000 0.335937500
vt 0.093750000 0.335937500
vt 0.093750000 0.375000000
vt 0.109375000 0.375000000
f 4/4 3/3 2/2 1/1
v -0.468750000 0.617187500 0.530694783
v -0.468750000 0.617187500 0.593194783
v -0.468750000 0.460937500 0.593194783
v -0.468750000 0.460937500 0.530694783
vt 0.078125000 0.335937500
vt 0.062500000 0.335937500
vt 0.062500000 0.375000000
vt 0.078125000 0.375000000
f 8/8 7/7 6/6 5/5
v -0.406250000 0.617187500 0.593194783
v -0.468750000 0.617187500 0.593194783
v -0.468750000 0.617187500 0.530694783
v -0.406250000 0.617187500 0.530694783
vt 0.093750000 0.320312500
vt 0.078125000 0.320312500
vt 0.078125000 0.335937500
vt 0.093750000 0.335937500
f 12/12 11/11 10/10 9/9
v -0.406250000 0.460937500 0.530694783
v -0.468750000 0.460937500 0.530694783
v -0.468750000 0.460937500 0.593194783
v -0.406250000 0.460937500 0.593194783
vt 0.109375000 0.335937500
vt 0.093750000 0.335937500
vt 0.093750000 0.320312500
vt 0.109375000 0.320312500
f 16/16 15/15 14/14 13/13
v -0.406250000 0.617187500 0.530694783
v -0.468750000 0.617187500 0.530694783
v -0.468750000 0.460937500 0.530694783
v -0.406250000 0.460937500 0.530694783
vt 0.093750000 0.335937500
vt 0.078125000 0.335937500
vt 0.078125000 0.375000000
vt 0.093750000 0.375000000
f 20/20 19/19 18/18 17/17
v -0.468750000 0.617187500 0.593194783
v -0.406250000 0.617187500 0.593194783
v -0.406250000 0.460937500 0.593194783
v -0.468750000 0.460937500 0.593194783
vt 0.125000000 0.335937500
vt 0.109375000 0.335937500
vt 0.109375000 0.375000000
vt 0.125000000 0.375000000
f 24/24 23/23 22/22 21/21
o Shape2
usemtl gun
v 0.375000000 0.429687500 0.436944783
v 0.375000000 0.429687500 0.186944783
v 0.375000000 0.242187500 0.186944783
v 0.375000000 0.242187500 0.436944783
vt 0.609375000 0.953125000
vt 0.546875000 0.953125000
vt 0.546875000 1.000000000
vt 0.609375000 1.000000000
f 28/28 27/27 26/26 25/25
v -0.062500000 0.429687500 0.186944783
v -0.062500000 0.429687500 0.436944783
v -0.062500000 0.242187500 0.436944783
v -0.062500000 0.242187500 0.186944783
vt 0.437500000 0.953125000
vt 0.375000000 0.953125000
vt 0.375000000 1.000000000
vt 0.437500000 1.000000000
f 32/32 31/31 30/30 29/29
v 0.375000000 0.429687500 0.436944783
v -0.062500000 0.429687500 0.436944783
v -0.062500000 0.429687500 0.186944783
v 0.375000000 0.429687500 0.186944783
vt 0.546875000 0.890625000
vt 0.437500000 0.890625000
vt 0.437500000 0.953125000
vt 0.546875000 0.953125000
f 36/36 35/35 34/34 33/33
v 0.375000000 0.242187500 0.186944783
v -0.062500000 0.242187500 0.186944783
v -0.062500000 0.242187500 0.436944783
v 0.375000000 0.242187500 0.436944783
vt 0.656250000 0.953125000
vt 0.546875000 0.953125000
vt 0.546875000 0.890625000
vt 0.656250000 0.890625000
f 40/40 39/39 38/38 37/37
v 0.375000000 0.429687500 0.186944783
v -0.062500000 0.429687500 0.186944783
v -0.062500000 0.242187500 0.186944783
v 0.375000000 0.242187500 0.186944783
vt 0.546875000 0.953125000
vt 0.437500000 0.953125000
vt 0.437500000 1.000000000
vt 0.546875000 1.000000000
f 44/44 43/43 42/42 41/41
v -0.062500000 0.429687500 0.436944783
v 0.375000000 0.429687500 0.436944783
v 0.375000000 0.242187500 0.436944783
v -0.062500000 0.242187500 0.436944783
vt 0.718750000 0.953125000
vt 0.609375000 0.953125000
vt 0.609375000 1.000000000
vt 0.718750000 1.000000000
f 48/48 47/47 46/46 45/45
o Shape3
usemtl gun
v 0.375000000 0.367187500 0.655694783
v 0.375000000 0.367187500 0.468194783
v 0.375000000 0.335937500 0.468194783
v 0.375000000 0.335937500 0.655694783
vt 0.601562500 0.382812500
vt 0.554687500 0.382812500
vt 0.554687500 0.390625000
vt 0.601562500 0.390625000
f 52/52 51/51 50/50 49/49
v -0.125000000 0.367187500 0.468194783
v -0.125000000 0.367187500 0.655694783
v -0.125000000 0.335937500 0.655694783
v -0.125000000 0.335937500 0.468194783
vt 0.429687500 0.382812500
vt 0.382812500 0.382812500
vt 0.382812500 0.390625000
vt 0.429687500 0.390625000
f 56/56 55/55 54/54 53/53
v 0.375000000 0.367187500 0.655694783
v -0.125000000 0.367187500 0.655694783
v -0.125000000 0.367187500 0.468194783
v 0.375000000 0.367187500 0.468194783
vt 0.554687500 0.335937500
vt 0.429687500 0.335937500
vt 0.429687500 0.382812500
vt 0.554687500 0.382812500
f 60/60 59/59 58/58 57/57
v 0.375000000 0.335937500 0.468194783
v -0.125000000 0.335937500 0.468194783
v -0.125000000 0.335937500 0.655694783
v 0.375000000 0.335937500 0.655694783
vt 0.679687500 0.382812500
vt 0.554687500 0.382812500
vt 0.554687500 0.335937500
vt 0.679687500 0.335937500
f 64/64 63/63 62/62 61/61
v 0.375000000 0.367187500 0.468194783
v -0.125000000 0.367187500 0.468194783
v -0.125000000 0.335937500 0.468194783
v 0.375000000 0.335937500 0.468194783
vt 0.554687500 0.382812500
vt 0.429687500 0.382812500
vt 0.429687500 0.390625000
vt 0.554687500 0.390625000
f 68/68 67/67 66/66 65/65
v -0.125000000 0.367187500 0.655694783
v 0.375000000 0.367187500 0.655694783
v 0.375000000 0.335937500 0.655694783
v -0.125000000 0.335937500 0.655694783
vt 0.726562500 0.382812500
vt 0.601562500 0.382812500
vt 0.601562500 0.390625000
vt 0.726562500 0.390625000
f 72/72 71/71 70/70 69/69
o Shape4
usemtl gun
v 0.375000000 0.242187500 0.405694783
v 0.375000000 0.242187500 0.218194783
v 0.375000000 0.210937500 0.218194783
v 0.375000000 0.210937500 0.405694783
vt 0.578125000 0.882812500
vt 0.531250000 0.882812500
vt 0.531250000 0.890625000
vt 0.578125000 0.890625000
f 76/76 75/75 74/74 73/73
v -0.062500000 0.242187500 0.218194783
v -0.062500000 0.242187500 0.405694783
v -0.062500000 0.210937500 0.405694783
v -0.062500000 0.210937500 0.218194783
vt 0.421875000 0.882812500
vt 0.375000000 0.882812500
vt 0.375000000 0.890625000
vt 0.421875000 0.890625000
f 80/80 79/79 78/78 77/77
v 0.375000000 0.242187500 0.405694783
v -0.062500000 0.242187500 0.405694783
v -0.062500000 0.242187500 0.218194783
v 0.375000000 0.242187500 0.218194783
vt 0.531250000 0.835937500
vt 0.421875000 0.835937500
vt 0.421875000 0.882812500
vt 0.531250000 0.882812500
f 84/84 83/83 82/82 81/81
v 0.375000000 0.210937500 0.218194783
v -0.062500000 0.210937500 0.218194783
v -0.062500000 0.210937500 0.405694783
v 0.375000000 0.210937500 0.405694783
vt 0.640625000 0.882812500
vt 0.531250000 0.882812500
vt 0.531250000 0.835937500
vt 0.640625000 0.835937500
f 88/88 87/87 86/86 85/85
v 0.375000000 0.242187500 0.218194783
v -0.062500000 0.242187500 0.218194783
v -0.062500000 0.210937500 0.218194783
v 0.375000000 0.210937500 0.218194783
vt 0.531250000 0.882812500
vt 0.421875000 0.882812500
vt 0.421875000 0.890625000
vt 0.531250000 0.890625000
f 92/92 91/91 90/90 89/89
v -0.062500000 0.242187500 0.405694783
v 0.375000000 0.242187500 0.405694783
v 0.375000000 0.210937500 0.405694783
v -0.062500000 0.210937500 0.405694783
vt 0.687500000 0.882812500
vt 0.578125000 0.882812500
vt 0.578125000 0.890625000
vt 0.687500000 0.890625000
f 96/96 95/95 94/94 93/93
o Shape5
usemtl gun
v -0.150721989 0.440426909 0.593194783
v -0.150721989 0.440426909 0.530694783
v -0.166898180 0.380056545 0.530694783
v -0.166898180 0.380056545 0.593194783
vt 0.171875000 0.304687500
vt 0.156250000 0.304687500
vt 0.156250000 0.320312500
vt 0.171875000 0.320312500
f 100/100 99/99 98/98 97/97
v -0.452573809 0.521307864 0.530694783
v -0.452573809 0.521307864 0.593194783
v -0.468750000 0.460937500 0.593194783
v -0.468750000 0.460937500 0.530694783
vt 0.078125000 0.304687500
vt 0.062500000 0.304687500
vt 0.062500000 0.320312500
vt 0.078125000 0.320312500
f 104/104 103/103 102/102 101/101
v -0.150721989 0.440426909 0.593194783
v -0.452573809 0.521307864 0.593194783
v -0.452573809 0.521307864 0.530694783
v -0.150721989 0.440426909 0.530694783
vt 0.156250000 0.289062500
vt 0.078125000 0.289062500
vt 0.078125000 0.304687500
vt 0.156250000 0.304687500
f 108/108 107/107 106/106 105/105
v -0.166898180 0.380056545 0.530694783
v -0.468750000 0.460937500 0.530694783
v -0.468750000 0.460937500 0.593194783
v -0.166898180 0.380056545 0.593194783
vt 0.234375000 0.304687500
vt 0.156250000 0.304687500
vt 0.156250000 0.289062500
vt 0.234375000 0.289062500
f 112/112 111/111 110/110 109/109
v -0.150721989 0.440426909 0.530694783
v -0.452573809 0.521307864 0.530694783
v -0.468750000 0.460937500 0.530694783
v -0.166898180 0.380056545 0.530694783
vt 0.156250000 0.304687500
vt 0.078125000 0.304687500
vt 0.078125000 0.320312500
vt 0.156250000 0.320312500
f 116/116 115/115 114/114 113/113
v -0.452573809 0.521307864 0.593194783
v -0.150721989 0.440426909 0.593194783
v -0.166898180 0.380056545 0.593194783
v -0.468750000 0.460937500 0.593194783
vt 0.250000000 0.304687500
vt 0.171875000 0.304687500
vt 0.171875000 0.320312500
vt 0.250000000 0.320312500
f 120/120 119/119 118/118 117/117
o Shape6
usemtl gun
v -0.125000000 0.710937500 0.593194783
v -0.125000000 0.710937500 0.530694783
v -0.125000000 0.367187500 0.530694783
v -0.125000000 0.367187500 0.593194783
vt 0.046875000 0.273437500
vt 0.031250000 0.273437500
vt 0.031250000 0.359375000
vt 0.046875000 0.359375000
f 124/124 123/123 122/122 121/121
v -0.187500000 0.710937500 0.530694783
v -0.187500000 0.710937500 0.593194783
v -0.187500000 0.367187500 0.593194783
v -0.187500000 0.367187500 0.530694783
vt 0.015625000 0.273437500
vt 0.000000000 0.273437500
vt 0.000000000 0.359375000
vt 0.015625000 0.359375000
f 128/128 127/127 126/126 125/125
v -0.125000000 0.710937500 0.593194783
v -0.187500000 0.710937500 0.593194783
v -0.187500000 0.710937500 0.530694783
v -0.125000000 0.710937500 0.530694783
vt 0.031250000 0.257812500
vt 0.015625000 0.257812500
vt 0.015625000 0.273437500
vt 0.031250000 0.273437500
f 132/132 131/131 130/130 129/129
v -0.125000000 0.367187500 0.530694783
v -0.187500000 0.367187500 0.530694783
v -0.187500000 0.367187500 0.593194783
v -0.125000000 0.367187500 0.593194783
vt 0.046875000 0.273437500
vt 0.031250000 0.273437500
vt 0.031250000 0.257812500
vt 0.046875000 0.257812500
f 136/136 135/135 134/134 133/133
v -0.125000000 0.710937500 0.530694783
v -0.187500000 0.710937500 0.530694783
v -0.187500000 0.367187500 0.530694783
v -0.125000000 0.367187500 0.530694783
vt 0.031250000 0.273437500
vt 0.015625000 0.273437500
vt 0.015625000 0.359375000
vt 0.031250000 0.359375000
f 140/140 139/139 138/138 137/137
v -0.187500000 0.710937500 0.593194783
v -0.125000000 0.710937500 0.593194783
v -0.125000000 0.367187500 0.593194783
v -0.187500000 0.367187500 0.593194783
vt 0.062500000 0.273437500
vt 0.046875000 0.273437500
vt 0.046875000 0.359375000
vt 0.062500000 0.359375000
f 144/144 143/143 142/142 141/141
o Shape7
usemtl gun
v 0.423537949 0.710937500 0.387300585
v 0.218750000 0.710937500 0.530694783
v 0.218750000 0.679687500 0.530694783
v 0.423537949 0.679687500 0.387300585
vt 0.265625000 0.406250000
vt 0.203125000 0.406250000
vt 0.203125000 0.414062500
vt 0.265625000 0.414062500
f 148/148 147/147 146/146 145/145
v 0.254598550 0.710937500 0.581891770
v 0.459386498 0.710937500 0.438497572
v 0.459386498 0.679687500 0.438497572
v 0.254598550 0.679687500 0.581891770
vt 0.187500000 0.406250000
vt 0.125000000 0.406250000
vt 0.125000000 0.414062500
vt 0.187500000 0.414062500
f 152/152 151/151 150/150 149/149
v 0.423537949 0.710937500 0.387300585
v 0.459386498 0.710937500 0.438497572
v 0.254598550 0.710937500 0.581891770
v 0.218750000 0.710937500 0.530694783
vt 0.203125000 0.343750000
vt 0.187500000 0.343750000
vt 0.187500000 0.406250000
vt 0.203125000 0.406250000
f 156/156 155/155 154/154 153/153
v 0.218750000 0.679687500 0.530694783
v 0.254598550 0.679687500 0.581891770
v 0.459386498 0.679687500 0.438497572
v 0.423537949 0.679687500 0.387300585
vt 0.218750000 0.406250000
vt 0.203125000 0.406250000
vt 0.203125000 0.343750000
vt 0.218750000 0.343750000
f 160/160 159/159 158/158 157/157
v 0.218750000 0.710937500 0.530694783
v 0.254598550 0.710937500 0.581891770
v 0.254598550 0.679687500 0.581891770
v 0.218750000 0.679687500 0.530694783
vt 0.203125000 0.406250000
vt 0.187500000 0.406250000
vt 0.187500000 0.414062500
vt 0.203125000 0.414062500
f 164/164 163/163 162/162 161/161
v 0.459386498 0.710937500 0.438497572
v 0.423537949 0.710937500 0.387300585
v 0.423537949 0.679687500 0.387300585
v 0.459386498 0.679687500 0.438497572
vt 0.281250000 0.406250000
vt 0.265625000 0.406250000
vt 0.265625000 0.414062500
vt 0.281250000 0.414062500
f 168/168 167/167 166/166 165/165
o Shape8
usemtl gun
v -0.166898180 0.698068455 0.593194783
v -0.166898180 0.698068455 0.530694783
v -0.150721989 0.637698091 0.530694783
v -0.150721989 0.637698091 0.593194783
vt 0.171875000 0.273437500
vt 0.156250000 0.273437500
vt 0.156250000 0.289062500
vt 0.171875000 0.289062500
f 172/172 171/171 170/170 169/169
v -0.468750000 0.617187500 0.530694783
v -0.468750000 0.617187500 0.593194783
v -0.452573809 0.556817136 0.593194783
v -0.452573809 0.556817136 0.530694783
vt 0.078125000 0.273437500
vt 0.062500000 0.273437500
vt 0.062500000 0.289062500
vt 0.078125000 0.289062500
f 176/176 175/175 174/174 173/173
v -0.166898180 0.698068455 0.593194783
v -0.468750000 0.617187500 0.593194783
v -0.468750000 0.617187500 0.530694783
v -0.166898180 0.698068455 0.530694783
vt 0.156250000 0.257812500
vt 0.078125000 0.257812500
vt 0.078125000 0.273437500
vt 0.156250000 0.273437500
f 180/180 179/179 178/178 177/177
v -0.150721989 0.637698091 0.530694783
v -0.452573809 0.556817136 0.530694783
v -0.452573809 0.556817136 0.593194783
v -0.150721989 0.637698091 0.593194783
vt 0.234375000 0.273437500
vt 0.156250000 0.273437500
vt 0.156250000 0.257812500
vt 0.234375000 0.257812500
f 184/184 183/183 182/182 181/181
v -0.166898180 0.698068455 0.530694783
v -0.468750000 0.617187500 0.530694783
v -0.452573809 0.556817136 0.530694783
v -0.150721989 0.637698091 0.530694783
vt 0.156250000 0.273437500
vt 0.078125000 0.273437500
vt 0.078125000 0.289062500
vt 0.156250000 0.289062500
f 188/188 187/187 186/186 185/185
v -0.468750000 0.617187500 0.593194783
v -0.166898180 0.698068455 0.593194783
v -0.150721989 0.637698091 0.593194783
v -0.452573809 0.556817136 0.593194783
vt 0.250000000 0.273437500
vt 0.171875000 0.273437500
vt 0.171875000 0.289062500
vt 0.250000000 0.289062500
f 192/192 191/191 190/190 189/189
o Shape9
usemtl gun
v 0.281250000 0.710937500 0.593194783
v 0.281250000 0.710937500 0.530694783
v 0.281250000 0.679687500 0.530694783
v 0.281250000 0.679687500 0.593194783
vt 0.257812500 0.335937500
vt 0.242187500 0.335937500
vt 0.242187500 0.343750000
vt 0.257812500 0.343750000
f 196/196 195/195 194/194 193/193
v -0.125000000 0.710937500 0.530694783
v -0.125000000 0.710937500 0.593194783
v -0.125000000 0.679687500 0.593194783
v -0.125000000 0.679687500 0.530694783
vt 0.140625000 0.335937500
vt 0.125000000 0.335937500
vt 0.125000000 0.343750000
vt 0.140625000 0.343750000
f 200/200 199/199 198/198 197/197
v 0.281250000 0.710937500 0.593194783
v -0.125000000 0.710937500 0.593194783
v -0.125000000 0.710937500 0.530694783
v 0.281250000 0.710937500 0.530694783
vt 0.242187500 0.320312500
vt 0.140625000 0.320312500
vt 0.140625000 0.335937500
vt 0.242187500 0.335937500
f 204/204 203/203 202/202 201/201
v 0.281250000 0.679687500 0.530694783
v -0.125000000 0.679687500 0.530694783
v -0.125000000 0.679687500 0.593194783
v 0.281250000 0.679687500 0.593194783
vt 0.343750000 0.335937500
vt 0.242187500 0.335937500
vt 0.242187500 0.320312500
vt 0.343750000 0.320312500
f 208/208 207/207 206/206 205/205
v 0.281250000 0.710937500 0.530694783
v -0.125000000 0.710937500 0.530694783
v -0.125000000 0.679687500 0.530694783
v 0.281250000 0.679687500 0.530694783
vt 0.242187500 0.335937500
vt 0.140625000 0.335937500
vt 0.140625000 0.343750000
vt 0.242187500 0.343750000
f 212/212 211/211 210/210 209/209
v -0.125000000 0.710937500 0.593194783
v 0.281250000 0.710937500 0.593194783
v 0.281250000 0.679687500 0.593194783
v -0.125000000 0.679687500 0.593194783
vt 0.359375000 0.335937500
vt 0.257812500 0.335937500
vt 0.257812500 0.343750000
vt 0.359375000 0.343750000
f 216/216 215/215 214/214 213/213
o Shape10
usemtl gun
v 0.484375000 0.601562500 0.390069783
v 0.484375000 0.601562500 0.358819783
v 0.484375000 0.414062500 0.358819783
v 0.484375000 0.414062500 0.390069783
vt 0.070312500 0.546875000
vt 0.062500000 0.546875000
vt 0.062500000 0.593750000
vt 0.070312500 0.593750000
f 220/220 219/219 218/218 217/217
v 0.421875000 0.601562500 0.358819783
v 0.421875000 0.601562500 0.390069783
v 0.421875000 0.414062500 0.390069783
v 0.421875000 0.414062500 0.358819783
vt 0.046875000 0.546875000
vt 0.039062500 0.546875000
vt 0.039062500 0.593750000
vt 0.046875000 0.593750000
f 224/224 223/223 222/222 221/221
v 0.484375000 0.601562500 0.390069783
v 0.421875000 0.601562500 0.390069783
v 0.421875000 0.601562500 0.358819783
v 0.484375000 0.601562500 0.358819783
vt 0.062500000 0.539062500
vt 0.046875000 0.539062500
vt 0.046875000 0.546875000
vt 0.062500000 0.546875000
f 228/228 227/227 226/226 225/225
v 0.484375000 0.414062500 0.358819783
v 0.421875000 0.414062500 0.358819783
v 0.421875000 0.414062500 0.390069783
v 0.484375000 0.414062500 0.390069783
vt 0.078125000 0.546875000
vt 0.062500000 0.546875000
vt 0.062500000 0.539062500
vt 0.078125000 0.539062500
f 232/232 231/231 230/230 229/229
v 0.484375000 0.601562500 0.358819783
v 0.421875000 0.601562500 0.358819783
v 0.421875000 0.414062500 0.358819783
v 0.484375000 0.414062500 0.358819783
vt 0.062500000 0.546875000
vt 0.046875000 0.546875000
vt 0.046875000 0.593750000
vt 0.062500000 0.593750000
f 236/236 235/235 234/234 233/233
v 0.421875000 0.601562500 0.390069783
v 0.484375000 0.601562500 0.390069783
v 0.484375000 0.414062500 0.390069783
v 0.421875000 0.414062500 0.390069783
vt 0.085937500 0.546875000
vt 0.070312500 0.546875000
vt 0.070312500 0.593750000
vt 0.085937500 0.593750000
f 240/240 239/239 238/238 237/237
o Shape11
usemtl gun
v 0.459386539 0.710937500 0.685391886
v 0.254598527 0.710937500 0.541997780
v 0.254598527 0.679687500 0.541997780
v 0.459386539 0.679687500 0.685391886
vt 0.265625000 0.406250000
vt 0.203125000 0.406250000
vt 0.203125000 0.414062500
vt 0.265625000 0.414062500
f 244/244 243/243 242/242 241/241
v 0.218750000 0.710937500 0.593194783
v 0.423538013 0.710937500 0.736588889
v 0.423538013 0.679687500 0.736588889
v 0.218750000 0.679687500 0.593194783
vt 0.187500000 0.406250000
vt 0.125000000 0.406250000
vt 0.125000000 0.414062500
vt 0.187500000 0.414062500
f 248/248 247/247 246/246 245/245
v 0.459386539 0.710937500 0.685391886
v 0.423538013 0.710937500 0.736588889
v 0.218750000 0.710937500 0.593194783
v 0.254598527 0.710937500 0.541997780
vt 0.203125000 0.343750000
vt 0.187500000 0.343750000
vt 0.187500000 0.406250000
vt 0.203125000 0.406250000
f 252/252 251/251 250/250 249/249
v 0.254598527 0.679687500 0.541997780
v 0.218750000 0.679687500 0.593194783
v 0.423538013 0.679687500 0.736588889
v 0.459386539 0.679687500 0.685391886
vt 0.218750000 0.406250000
vt 0.203125000 0.406250000
vt 0.203125000 0.343750000
vt 0.218750000 0.343750000
f 256/256 255/255 254/254 253/253
v 0.254598527 0.710937500 0.541997780
v 0.218750000 0.710937500 0.593194783
v 0.218750000 0.679687500 0.593194783
v 0.254598527 0.679687500 0.541997780
vt 0.203125000 0.406250000
vt 0.187500000 0.406250000
vt 0.187500000 0.414062500
vt 0.203125000 0.414062500
f 260/260 259/259 258/258 257/257
v 0.423538013 0.710937500 0.736588889
v 0.459386539 0.710937500 0.685391886
v 0.459386539 0.679687500 0.685391886
v 0.423538013 0.679687500 0.736588889
vt 0.281250000 0.406250000
vt 0.265625000 0.406250000
vt 0.265625000 0.414062500
vt 0.281250000 0.414062500
f 264/264 263/263 262/262 261/261
o Shape12
usemtl gun
v 0.281250000 0.679687500 0.593194783
v 0.281250000 0.679687500 0.530694783
v 0.281250000 0.648437500 0.530694783
v 0.281250000 0.648437500 0.593194783
vt 0.320312500 0.515625000
vt 0.304687500 0.515625000
vt 0.304687500 0.523437500
vt 0.320312500 0.523437500
f 268/268 267/267 266/266 265/265
v 0.218750000 0.679687500 0.530694783
v 0.218750000 0.679687500 0.593194783
v 0.218750000 0.648437500 0.593194783
v 0.218750000 0.648437500 0.530694783
vt 0.289062500 0.515625000
vt 0.273437500 0.515625000
vt 0.273437500 0.523437500
vt 0.289062500 0.523437500
f 272/272 271/271 270/270 269/269
v 0.281250000 0.679687500 0.593194783
v 0.218750000 0.679687500 0.593194783
v 0.218750000 0.679687500 0.530694783
v 0.281250000 0.679687500 0.530694783
vt 0.304687500 0.500000000
vt 0.289062500 0.500000000
vt 0.289062500 0.515625000
vt 0.304687500 0.515625000
f 276/276 275/275 274/274 273/273
v 0.281250000 0.648437500 0.530694783
v 0.218750000 0.648437500 0.530694783
v 0.218750000 0.648437500 0.593194783
v 0.281250000 0.648437500 0.593194783
vt 0.320312500 0.515625000
vt 0.304687500 0.515625000
vt 0.304687500 0.500000000
vt 0.320312500 0.500000000
f 280/280 279/279 278/278 277/277
v 0.281250000 0.679687500 0.530694783
v 0.218750000 0.679687500 0.530694783
v 0.218750000 0.648437500 0.530694783
v 0.281250000 0.648437500 0.530694783
vt 0.304687500 0.515625000
vt 0.289062500 0.515625000
vt 0.289062500 0.523437500
vt 0.304687500 0.523437500
f 284/284 283/283 282/282 281/281
v 0.218750000 0.679687500 0.593194783
v 0.281250000 0.679687500 0.593194783
v 0.281250000 0.648437500 0.593194783
v 0.218750000 0.648437500 0.593194783
vt 0.335937500 0.515625000
vt 0.320312500 0.515625000
vt 0.320312500 0.523437500
vt 0.335937500 0.523437500
f 288/288 287/287 286/286 285/285
o Shape13
usemtl gun
v 0.500000000 0.726562500 0.780694783
v 0.500000000 0.726562500 0.343194783
v 0.500000000 0.664062500 0.343194783
v 0.500000000 0.664062500 0.780694783
vt 0.242187500 0.523437500
vt 0.132812500 0.523437500
vt 0.132812500 0.539062500
vt 0.242187500 0.539062500
f 292/292 291/291 290/290 289/289
v 0.406250000 0.726562500 0.343194783
v 0.406250000 0.726562500 0.780694783
v 0.406250000 0.664062500 0.780694783
v 0.406250000 0.664062500 0.343194783
vt 0.109375000 0.523437500
vt 0.000000000 0.523437500
vt 0.000000000 0.539062500
vt 0.109375000 0.539062500
f 296/296 295/295 294/294 293/293
v 0.500000000 0.726562500 0.780694783
v 0.406250000 0.726562500 0.780694783
v 0.406250000 0.726562500 0.343194783
v 0.500000000 0.726562500 0.343194783
vt 0.132812500 0.414062500
vt 0.109375000 0.414062500
vt 0.109375000 0.523437500
vt 0.132812500 0.523437500
f 300/300 299/299 298/298 297/297
v 0.500000000 0.664062500 0.343194783
v 0.406250000 0.664062500 0.343194783
v 0.406250000 0.664062500 0.780694783
v 0.500000000 0.664062500 0.780694783
vt 0.156250000 0.523437500
vt 0.132812500 0.523437500
vt 0.132812500 0.414062500
vt 0.156250000 0.414062500
f 304/304 303/303 302/302 301/301
v 0.500000000 0.726562500 0.343194783
v 0.406250000 0.726562500 0.343194783
v 0.406250000 0.664062500 0.343194783
v 0.500000000 0.664062500 0.343194783
vt 0.132812500 0.523437500
vt 0.109375000 0.523437500
vt 0.109375000 0.539062500
vt 0.132812500 0.539062500
f 308/308 307/307 306/306 305/305
v 0.406250000 0.726562500 0.780694783
v 0.500000000 0.726562500 0.780694783
v 0.500000000 0.664062500 0.780694783
v 0.406250000 0.664062500 0.780694783
vt 0.265625000 0.523437500
vt 0.242187500 0.523437500
vt 0.242187500 0.539062500
vt 0.265625000 0.539062500
f 312/312 311/311 310/310 309/309
o Shape14
usemtl gun
v 0.484375000 0.820312500 0.702569783
v 0.484375000 0.820312500 0.671319783
v 0.484375000 0.726562500 0.671319783
v 0.484375000 0.726562500 0.702569783
vt 0.203125000 0.437500000
vt 0.195312500 0.437500000
vt 0.195312500 0.460937500
vt 0.203125000 0.460937500
f 316/316 315/315 314/314 313/313
v 0.421875000 0.820312500 0.671319783
v 0.421875000 0.820312500 0.702569783
v 0.421875000 0.726562500 0.702569783
v 0.421875000 0.726562500 0.671319783
vt 0.179687500 0.437500000
vt 0.171875000 0.437500000
vt 0.171875000 0.460937500
vt 0.179687500 0.460937500
f 320/320 319/319 318/318 317/317
v 0.484375000 0.820312500 0.702569783
v 0.421875000 0.820312500 0.702569783
v 0.421875000 0.820312500 0.671319783
v 0.484375000 0.820312500 0.671319783
vt 0.195312500 0.429687500
vt 0.179687500 0.429687500
vt 0.179687500 0.437500000
vt 0.195312500 0.437500000
f 324/324 323/323 322/322 321/321
v 0.484375000 0.726562500 0.671319783
v 0.421875000 0.726562500 0.671319783
v 0.421875000 0.726562500 0.702569783
v 0.484375000 0.726562500 0.702569783
vt 0.210937500 0.437500000
vt 0.195312500 0.437500000
vt 0.195312500 0.429687500
vt 0.210937500 0.429687500
f 328/328 327/327 326/326 325/325
v 0.484375000 0.820312500 0.671319783
v 0.421875000 0.820312500 0.671319783
v 0.421875000 0.726562500 0.671319783
v 0.484375000 0.726562500 0.671319783
vt 0.195312500 0.437500000
vt 0.179687500 0.437500000
vt 0.179687500 0.460937500
vt 0.195312500 0.460937500
f 332/332 331/331 330/330 329/329
v 0.421875000 0.820312500 0.702569783
v 0.484375000 0.820312500 0.702569783
v 0.484375000 0.726562500 0.702569783
v 0.421875000 0.726562500 0.702569783
vt 0.218750000 0.437500000
vt 0.203125000 0.437500000
vt 0.203125000 0.460937500
vt 0.218750000 0.460937500
f 336/336 335/335 334/334 333/333
o Shape15
usemtl gun
v 0.328125000 0.577569777 0.385493299
v 0.328125000 0.533375582 0.429687451
v 0.328125000 0.577569734 0.473881647
v 0.328125000 0.621763929 0.429687495
vt 0.054687500 0.218750000
vt 0.039062500 0.218750000
vt 0.039062500 0.234375000
vt 0.054687500 0.234375000
f 340/340 339/339 338/338 337/337
v 0.234375000 0.533375582 0.429687451
v 0.234375000 0.577569777 0.385493299
v 0.234375000 0.621763929 0.429687495
v 0.234375000 0.577569734 0.473881647
vt 0.015625000 0.218750000
vt 0.000000000 0.218750000
vt 0.000000000 0.234375000
vt 0.015625000 0.234375000
f 344/344 343/343 342/342 341/341
v 0.328125000 0.577569777 0.385493299
v 0.234375000 0.577569777 0.385493299
v 0.234375000 0.533375582 0.429687451
v 0.328125000 0.533375582 0.429687451
vt 0.039062500 0.203125000
vt 0.015625000 0.203125000
vt 0.015625000 0.218750000
vt 0.039062500 0.218750000
f 348/348 347/347 346/346 345/345
v 0.328125000 0.577569734 0.473881647
v 0.234375000 0.577569734 0.473881647
v 0.234375000 0.621763929 0.429687495
v 0.328125000 0.621763929 0.429687495
vt 0.062500000 0.218750000
vt 0.039062500 0.218750000
vt 0.039062500 0.203125000
vt 0.062500000 0.203125000
f 352/352 351/351 350/350 349/349
v 0.328125000 0.533375582 0.429687451
v 0.234375000 0.533375582 0.429687451
v 0.234375000 0.577569734 0.473881647
v 0.328125000 0.577569734 0.473881647
vt 0.039062500 0.218750000
vt 0.015625000 0.218750000
vt 0.015625000 0.234375000
vt 0.039062500 0.234375000
f 356/356 355/355 354/354 353/353
v 0.234375000 0.577569777 0.385493299
v 0.328125000 0.577569777 0.385493299
v 0.328125000 0.621763929 0.429687495
v 0.234375000 0.621763929 0.429687495
vt 0.078125000 0.218750000
vt 0.054687500 0.218750000
vt 0.054687500 0.234375000
vt 0.078125000 0.234375000
f 360/360 359/359 358/358 357/357
o Shape16
usemtl gun
v 0.484375000 0.436159588 0.380916869
v 0.484375000 0.414062500 0.358819783
v 0.484375000 0.325674156 0.447208134
v 0.484375000 0.347771243 0.469305220
vt 0.179687500 0.554687500
vt 0.171875000 0.554687500
vt 0.171875000 0.585937500
vt 0.179687500 0.585937500
f 364/364 363/363 362/362 361/361
v 0.421875000 0.414062500 0.358819783
v 0.421875000 0.436159588 0.380916869
v 0.421875000 0.347771243 0.469305220
v 0.421875000 0.325674156 0.447208134
vt 0.156250000 0.554687500
vt 0.148437500 0.554687500
vt 0.148437500 0.585937500
vt 0.156250000 0.585937500
f 368/368 367/367 366/366 365/365
v 0.484375000 0.436159588 0.380916869
v 0.421875000 0.436159588 0.380916869
v 0.421875000 0.414062500 0.358819783
v 0.484375000 0.414062500 0.358819783
vt 0.171875000 0.546875000
vt 0.156250000 0.546875000
vt 0.156250000 0.554687500
vt 0.171875000 0.554687500
f 372/372 371/371 370/370 369/369
v 0.484375000 0.325674156 0.447208134
v 0.421875000 0.325674156 0.447208134
v 0.421875000 0.347771243 0.469305220
v 0.484375000 0.347771243 0.469305220
vt 0.187500000 0.554687500
vt 0.171875000 0.554687500
vt 0.171875000 0.546875000
vt 0.187500000 0.546875000
f 376/376 375/375 374/374 373/373
v 0.484375000 0.414062500 0.358819783
v 0.421875000 0.414062500 0.358819783
v 0.421875000 0.325674156 0.447208134
v 0.484375000 0.325674156 0.447208134
vt 0.171875000 0.554687500
vt 0.156250000 0.554687500
vt 0.156250000 0.585937500
vt 0.171875000 0.585937500
f 380/380 379/379 378/378 377/377
v 0.421875000 0.436159588 0.380916869
v 0.484375000 0.436159588 0.380916869
v 0.484375000 0.347771243 0.469305220
v 0.421875000 0.347771243 0.469305220
vt 0.195312500 0.554687500
vt 0.179687500 0.554687500
vt 0.179687500 0.585937500
vt 0.195312500 0.585937500
f 384/384 383/383 382/382 381/381
o Shape17
usemtl gun
v 0.484375000 0.351562500 0.686944783
v 0.484375000 0.351562500 0.436944783
v 0.484375000 0.320312500 0.436944783
v 0.484375000 0.320312500 0.686944783
vt 0.179687500 0.601562500
vt 0.117187500 0.601562500
vt 0.117187500 0.609375000
vt 0.179687500 0.609375000
f 388/388 387/387 386/386 385/385
v 0.421875000 0.351562500 0.436944783
v 0.421875000 0.351562500 0.686944783
v 0.421875000 0.320312500 0.686944783
v 0.421875000 0.320312500 0.436944783
vt 0.101562500 0.601562500
vt 0.039062500 0.601562500
vt 0.039062500 0.609375000
vt 0.101562500 0.609375000
f 392/392 391/391 390/390 389/389
v 0.484375000 0.351562500 0.686944783
v 0.421875000 0.351562500 0.686944783
v 0.421875000 0.351562500 0.436944783
v 0.484375000 0.351562500 0.436944783
vt 0.117187500 0.539062500
vt 0.101562500 0.539062500
vt 0.101562500 0.601562500
vt 0.117187500 0.601562500
f 396/396 395/395 394/394 393/393
v 0.484375000 0.320312500 0.436944783
v 0.421875000 0.320312500 0.436944783
v 0.421875000 0.320312500 0.686944783
v 0.484375000 0.320312500 0.686944783
vt 0.132812500 0.601562500
vt 0.117187500 0.601562500
vt 0.117187500 0.539062500
vt 0.132812500 0.539062500
f 400/400 399/399 398/398 397/397
v 0.484375000 0.351562500 0.436944783
v 0.421875000 0.351562500 0.436944783
v 0.421875000 0.320312500 0.436944783
v 0.484375000 0.320312500 0.436944783
vt 0.117187500 0.601562500
vt 0.101562500 0.601562500
vt 0.101562500 0.609375000
vt 0.117187500 0.609375000
f 404/404 403/403 402/402 401/401
v 0.421875000 0.351562500 0.686944783
v 0.484375000 0.351562500 0.686944783
v 0.484375000 0.320312500 0.686944783
v 0.421875000 0.320312500 0.686944783
vt 0.195312500 0.601562500
vt 0.179687500 0.601562500
vt 0.179687500 0.609375000
vt 0.195312500 0.609375000
f 408/408 407/407 406/406 405/405
o Shape18
usemtl gun
v 0.484375000 0.414062500 0.765069783
v 0.484375000 0.436159588 0.742972697
v 0.484375000 0.347771243 0.654584346
v 0.484375000 0.325674156 0.676681432
vt 0.179687500 0.554687500
vt 0.171875000 0.554687500
vt 0.171875000 0.585937500
vt 0.179687500 0.585937500
f 412/412 411/411 410/410 409/409
v 0.421875000 0.436159588 0.742972697
v 0.421875000 0.414062500 0.765069783
v 0.421875000 0.325674156 0.676681432
v 0.421875000 0.347771243 0.654584346
vt 0.156250000 0.554687500
vt 0.148437500 0.554687500
vt 0.148437500 0.585937500
vt 0.156250000 0.585937500
f 416/416 415/415 414/414 413/413
v 0.484375000 0.414062500 0.765069783
v 0.421875000 0.414062500 0.765069783
v 0.421875000 0.436159588 0.742972697
v 0.484375000 0.436159588 0.742972697
vt 0.171875000 0.546875000
vt 0.156250000 0.546875000
vt 0.156250000 0.554687500
vt 0.171875000 0.554687500
f 420/420 419/419 418/418 417/417
v 0.484375000 0.347771243 0.654584346
v 0.421875000 0.347771243 0.654584346
v 0.421875000 0.325674156 0.676681432
v 0.484375000 0.325674156 0.676681432
vt 0.187500000 0.554687500
vt 0.171875000 0.554687500
vt 0.171875000 0.546875000
vt 0.187500000 0.546875000
f 424/424 423/423 422/422 421/421
v 0.484375000 0.436159588 0.742972697
v 0.421875000 0.436159588 0.742972697
v 0.421875000 0.347771243 0.654584346
v 0.484375000 0.347771243 0.654584346
vt 0.171875000 0.554687500
vt 0.156250000 0.554687500
vt 0.156250000 0.585937500
vt 0.171875000 0.585937500
f 428/428 427/427 426/426 425/425
v 0.421875000 0.414062500 0.765069783
v 0.484375000 0.414062500 0.765069783
v 0.484375000 0.325674156 0.676681432
v 0.421875000 0.325674156 0.676681432
vt 0.195312500 0.554687500
vt 0.179687500 0.554687500
vt 0.179687500 0.585937500
vt 0.195312500 0.585937500
f 432/432 431/431 430/430 429/429
o Shape19
usemtl gun
v 0.484375000 0.601562500 0.765069783
v 0.484375000 0.601562500 0.733819783
v 0.484375000 0.414062500 0.733819783
v 0.484375000 0.414062500 0.765069783
vt 0.070312500 0.546875000
vt 0.062500000 0.546875000
vt 0.062500000 0.593750000
vt 0.070312500 0.593750000
f 436/436 435/435 434/434 433/433
v 0.421875000 0.601562500 0.733819783
v 0.421875000 0.601562500 0.765069783
v 0.421875000 0.414062500 0.765069783
v 0.421875000 0.414062500 0.733819783
vt 0.046875000 0.546875000
vt 0.039062500 0.546875000
vt 0.039062500 0.593750000
vt 0.046875000 0.593750000
f 440/440 439/439 438/438 437/437
v 0.484375000 0.601562500 0.765069783
v 0.421875000 0.601562500 0.765069783
v 0.421875000 0.601562500 0.733819783
v 0.484375000 0.601562500 0.733819783
vt 0.062500000 0.539062500
vt 0.046875000 0.539062500
vt 0.046875000 0.546875000
vt 0.062500000 0.546875000
f 444/444 443/443 442/442 441/441
v 0.484375000 0.414062500 0.733819783
v 0.421875000 0.414062500 0.733819783
v 0.421875000 0.414062500 0.765069783
v 0.484375000 0.414062500 0.765069783
vt 0.078125000 0.546875000
vt 0.062500000 0.546875000
vt 0.062500000 0.539062500
vt 0.078125000 0.539062500
f 448/448 447/447 446/446 445/445
v 0.484375000 0.601562500 0.733819783
v 0.421875000 0.601562500 0.733819783
v 0.421875000 0.414062500 0.733819783
v 0.484375000 0.414062500 0.733819783
vt 0.062500000 0.546875000
vt 0.046875000 0.546875000
vt 0.046875000 0.593750000
vt 0.062500000 0.593750000
f 452/452 451/451 450/450 449/449
v 0.421875000 0.601562500 0.765069783
v 0.484375000 0.601562500 0.765069783
v 0.484375000 0.414062500 0.765069783
v 0.421875000 0.414062500 0.765069783
vt 0.085937500 0.546875000
vt 0.070312500 0.546875000
vt 0.070312500 0.593750000
vt 0.085937500 0.593750000
f 456/456 455/455 454/454 453/453
o Shape20
usemtl gun
v 0.375000000 0.648437500 0.655694783
v 0.375000000 0.648437500 0.468194783
v 0.375000000 0.617187500 0.468194783
v 0.375000000 0.617187500 0.655694783
vt 0.601562500 0.382812500
vt 0.554687500 0.382812500
vt 0.554687500 0.390625000
vt 0.601562500 0.390625000
f 460/460 459/459 458/458 457/457
v -0.125000000 0.648437500 0.468194783
v -0.125000000 0.648437500 0.655694783
v -0.125000000 0.617187500 0.655694783
v -0.125000000 0.617187500 0.468194783
vt 0.429687500 0.382812500
vt 0.382812500 0.382812500
vt 0.382812500 0.390625000
vt 0.429687500 0.390625000
f 464/464 463/463 462/462 461/461
v 0.375000000 0.648437500 0.655694783
v -0.125000000 0.648437500 0.655694783
v -0.125000000 0.648437500 0.468194783
v 0.375000000 0.648437500 0.468194783
vt 0.554687500 0.335937500
vt 0.429687500 0.335937500
vt 0.429687500 0.382812500
vt 0.554687500 0.382812500
f 468/468 467/467 466/466 465/465
v 0.375000000 0.617187500 0.468194783
v -0.125000000 0.617187500 0.468194783
v -0.125000000 0.617187500 0.655694783
v 0.375000000 0.617187500 0.655694783
vt 0.679687500 0.382812500
vt 0.554687500 0.382812500
vt 0.554687500 0.335937500
vt 0.679687500 0.335937500
f 472/472 471/471 470/470 469/469
v 0.375000000 0.648437500 0.468194783
v -0.125000000 0.648437500 0.468194783
v -0.125000000 0.617187500 0.468194783
v 0.375000000 0.617187500 0.468194783
vt 0.554687500 0.382812500
vt 0.429687500 0.382812500
vt 0.429687500 0.390625000
vt 0.554687500 0.390625000
f 476/476 475/475 474/474 473/473
v -0.125000000 0.648437500 0.655694783
v 0.375000000 0.648437500 0.655694783
v 0.375000000 0.617187500 0.655694783
v -0.125000000 0.617187500 0.655694783
vt 0.726562500 0.382812500
vt 0.601562500 0.382812500
vt 0.601562500 0.390625000
vt 0.726562500 0.390625000
f 480/480 479/479 478/478 477/477
o Shape21
usemtl gun
v 0.375000000 0.460937500 0.405694783
v 0.375000000 0.460937500 0.218194783
v 0.375000000 0.429687500 0.218194783
v 0.375000000 0.429687500 0.405694783
vt 0.578125000 0.882812500
vt 0.531250000 0.882812500
vt 0.531250000 0.890625000
vt 0.578125000 0.890625000
f 484/484 483/483 482/482 481/481
v -0.062500000 0.460937500 0.218194783
v -0.062500000 0.460937500 0.405694783
v -0.062500000 0.429687500 0.405694783
v -0.062500000 0.429687500 0.218194783
vt 0.421875000 0.882812500
vt 0.375000000 0.882812500
vt 0.375000000 0.890625000
vt 0.421875000 0.890625000
f 488/488 487/487 486/486 485/485
v 0.375000000 0.460937500 0.405694783
v -0.062500000 0.460937500 0.405694783
v -0.062500000 0.460937500 0.218194783
v 0.375000000 0.460937500 0.218194783
vt 0.531250000 0.835937500
vt 0.421875000 0.835937500
vt 0.421875000 0.882812500
vt 0.531250000 0.882812500
f 492/492 491/491 490/490 489/489
v 0.375000000 0.429687500 0.218194783
v -0.062500000 0.429687500 0.218194783
v -0.062500000 0.429687500 0.405694783
v 0.375000000 0.429687500 0.405694783
vt 0.640625000 0.882812500
vt 0.531250000 0.882812500
vt 0.531250000 0.835937500
vt 0.640625000 0.835937500
f 496/496 495/495 494/494 493/493
v 0.375000000 0.460937500 0.218194783
v -0.062500000 0.460937500 0.218194783
v -0.062500000 0.429687500 0.218194783
v 0.375000000 0.429687500 0.218194783
vt 0.531250000 0.882812500
vt 0.421875000 0.882812500
vt 0.421875000 0.890625000
vt 0.531250000 0.890625000
f 500/500 499/499 498/498 497/497
v -0.062500000 0.460937500 0.405694783
v 0.375000000 0.460937500 0.405694783
v 0.375000000 0.429687500 0.405694783
v -0.062500000 0.429687500 0.405694783
vt 0.687500000 0.882812500
vt 0.578125000 0.882812500
vt 0.578125000 0.890625000
vt 0.687500000 0.890625000
f 504/504 503/503 502/502 501/501
o Shape22
usemtl gun
v 0.500000000 0.664062500 0.405694783
v 0.500000000 0.664062500 0.343194783
v 0.500000000 0.601562500 0.343194783
v 0.500000000 0.601562500 0.405694783
vt 0.054687500 0.429687500
vt 0.039062500 0.429687500
vt 0.039062500 0.445312500
vt 0.054687500 0.445312500
f 508/508 507/507 506/506 505/505
v 0.406250000 0.664062500 0.343194783
v 0.406250000 0.664062500 0.405694783
v 0.406250000 0.601562500 0.405694783
v 0.406250000 0.601562500 0.343194783
vt 0.015625000 0.429687500
vt 0.000000000 0.429687500
vt 0.000000000 0.445312500
vt 0.015625000 0.445312500
f 512/512 511/511 510/510 509/509
v 0.500000000 0.664062500 0.405694783
v 0.406250000 0.664062500 0.405694783
v 0.406250000 0.664062500 0.343194783
v 0.500000000 0.664062500 0.343194783
vt 0.039062500 0.414062500
vt 0.015625000 0.414062500
vt 0.015625000 0.429687500
vt 0.039062500 0.429687500
f 516/516 515/515 514/514 513/513
v 0.500000000 0.601562500 0.343194783
v 0.406250000 0.601562500 0.343194783
v 0.406250000 0.601562500 0.405694783
v 0.500000000 0.601562500 0.405694783
vt 0.062500000 0.429687500
vt 0.039062500 0.429687500
vt 0.039062500 0.414062500
vt 0.062500000 0.414062500
f 520/520 519/519 518/518 517/517
v 0.500000000 0.664062500 0.343194783
v 0.406250000 0.664062500 0.343194783
v 0.406250000 0.601562500 0.343194783
v 0.500000000 0.601562500 0.343194783
vt 0.039062500 0.429687500
vt 0.015625000 0.429687500
vt 0.015625000 0.445312500
vt 0.039062500 0.445312500
f 524/524 523/523 522/522 521/521
v 0.406250000 0.664062500 0.405694783
v 0.500000000 0.664062500 0.405694783
v 0.500000000 0.601562500 0.405694783
v 0.406250000 0.601562500 0.405694783
vt 0.078125000 0.429687500
vt 0.054687500 0.429687500
vt 0.054687500 0.445312500
vt 0.078125000 0.445312500
f 528/528 527/527 526/526 525/525
o Shape23
usemtl gun
v 0.484375000 0.835937500 0.671319783
v 0.484375000 0.835937500 0.452569783
v 0.484375000 0.804687500 0.452569783
v 0.484375000 0.804687500 0.671319783
vt 0.296875000 0.484375000
vt 0.242187500 0.484375000
vt 0.242187500 0.492187500
vt 0.296875000 0.492187500
f 532/532 531/531 530/530 529/529
v 0.421875000 0.835937500 0.452569783
v 0.421875000 0.835937500 0.671319783
v 0.421875000 0.804687500 0.671319783
v 0.421875000 0.804687500 0.452569783
vt 0.226562500 0.484375000
vt 0.171875000 0.484375000
vt 0.171875000 0.492187500
vt 0.226562500 0.492187500
f 536/536 535/535 534/534 533/533
v 0.484375000 0.835937500 0.671319783
v 0.421875000 0.835937500 0.671319783
v 0.421875000 0.835937500 0.452569783
v 0.484375000 0.835937500 0.452569783
vt 0.242187500 0.429687500
vt 0.226562500 0.429687500
vt 0.226562500 0.484375000
vt 0.242187500 0.484375000
f 540/540 539/539 538/538 537/537
v 0.484375000 0.804687500 0.452569783
v 0.421875000 0.804687500 0.452569783
v 0.421875000 0.804687500 0.671319783
v 0.484375000 0.804687500 0.671319783
vt 0.257812500 0.484375000
vt 0.242187500 0.484375000
vt 0.242187500 0.429687500
vt 0.257812500 0.429687500
f 544/544 543/543 542/542 541/541
v 0.484375000 0.835937500 0.452569783
v 0.421875000 0.835937500 0.452569783
v 0.421875000 0.804687500 0.452569783
v 0.484375000 0.804687500 0.452569783
vt 0.242187500 0.484375000
vt 0.226562500 0.484375000
vt 0.226562500 0.492187500
vt 0.242187500 0.492187500
f 548/548 547/547 546/546 545/545
v 0.421875000 0.835937500 0.671319783
v 0.484375000 0.835937500 0.671319783
v 0.484375000 0.804687500 0.671319783
v 0.421875000 0.804687500 0.671319783
vt 0.312500000 0.484375000
vt 0.296875000 0.484375000
vt 0.296875000 0.492187500
vt 0.312500000 0.492187500
f 552/552 551/551 550/550 549/549
o Shape24
usemtl gun
v 0.484375000 0.820312500 0.452569783
v 0.484375000 0.820312500 0.421319783
v 0.484375000 0.726562500 0.421319783
v 0.484375000 0.726562500 0.452569783
vt 0.203125000 0.437500000
vt 0.195312500 0.437500000
vt 0.195312500 0.460937500
vt 0.203125000 0.460937500
f 556/556 555/555 554/554 553/553
v 0.421875000 0.820312500 0.421319783
v 0.421875000 0.820312500 0.452569783
v 0.421875000 0.726562500 0.452569783
v 0.421875000 0.726562500 0.421319783
vt 0.179687500 0.437500000
vt 0.171875000 0.437500000
vt 0.171875000 0.460937500
vt 0.179687500 0.460937500
f 560/560 559/559 558/558 557/557
v 0.484375000 0.820312500 0.452569783
v 0.421875000 0.820312500 0.452569783
v 0.421875000 0.820312500 0.421319783
v 0.484375000 0.820312500 0.421319783
vt 0.195312500 0.429687500
vt 0.179687500 0.429687500
vt 0.179687500 0.437500000
vt 0.195312500 0.437500000
f 564/564 563/563 562/562 561/561
v 0.484375000 0.726562500 0.421319783
v 0.421875000 0.726562500 0.421319783
v 0.421875000 0.726562500 0.452569783
v 0.484375000 0.726562500 0.452569783
vt 0.210937500 0.437500000
vt 0.195312500 0.437500000
vt 0.195312500 0.429687500
vt 0.210937500 0.429687500
f 568/568 567/567 566/566 565/565
v 0.484375000 0.820312500 0.421319783
v 0.421875000 0.820312500 0.421319783
v 0.421875000 0.726562500 0.421319783
v 0.484375000 0.726562500 0.421319783
vt 0.195312500 0.437500000
vt 0.179687500 0.437500000
vt 0.179687500 0.460937500
vt 0.195312500 0.460937500
f 572/572 571/571 570/570 569/569
v 0.421875000 0.820312500 0.452569783
v 0.484375000 0.820312500 0.452569783
v 0.484375000 0.726562500 0.452569783
v 0.421875000 0.726562500 0.452569783
vt 0.218750000 0.437500000
vt 0.203125000 0.437500000
vt 0.203125000 0.460937500
vt 0.218750000 0.460937500
f 576/576 575/575 574/574 573/573
o Shape25
usemtl gun
v 0.375000000 0.585937500 0.718194783
v 0.375000000 0.585937500 0.405694783
v 0.375000000 0.398437500 0.405694783
v 0.375000000 0.398437500 0.718194783
vt 0.609375000 0.210937500
vt 0.531250000 0.210937500
vt 0.531250000 0.257812500
vt 0.609375000 0.257812500
f 580/580 579/579 578/578 577/577
v -0.125000000 0.585937500 0.405694783
v -0.125000000 0.585937500 0.718194783
v -0.125000000 0.398437500 0.718194783
v -0.125000000 0.398437500 0.405694783
vt 0.406250000 0.210937500
vt 0.328125000 0.210937500
vt 0.328125000 0.257812500
vt 0.406250000 0.257812500
f 584/584 583/583 582/582 581/581
v 0.375000000 0.585937500 0.718194783
v -0.125000000 0.585937500 0.718194783
v -0.125000000 0.585937500 0.405694783
v 0.375000000 0.585937500 0.405694783
vt 0.531250000 0.132812500
vt 0.406250000 0.132812500
vt 0.406250000 0.210937500
vt 0.531250000 0.210937500
f 588/588 587/587 586/586 585/585
v 0.375000000 0.398437500 0.405694783
v -0.125000000 0.398437500 0.405694783
v -0.125000000 0.398437500 0.718194783
v 0.375000000 0.398437500 0.718194783
vt 0.656250000 0.210937500
vt 0.531250000 0.210937500
vt 0.531250000 0.132812500
vt 0.656250000 0.132812500
f 592/592 591/591 590/590 589/589
v 0.375000000 0.585937500 0.405694783
v -0.125000000 0.585937500 0.405694783
v -0.125000000 0.398437500 0.405694783
v 0.375000000 0.398437500 0.405694783
vt 0.531250000 0.210937500
vt 0.406250000 0.210937500
vt 0.406250000 0.257812500
vt 0.531250000 0.257812500
f 596/596 595/595 594/594 593/593
v -0.125000000 0.585937500 0.718194783
v 0.375000000 0.585937500 0.718194783
v 0.375000000 0.398437500 0.718194783
v -0.125000000 0.398437500 0.718194783
vt 0.734375000 0.210937500
vt 0.609375000 0.210937500
vt 0.609375000 0.257812500
vt 0.734375000 0.257812500
f 600/600 599/599 598/598 597/597
o Shape26
usemtl gun
v 0.375000000 0.617187500 0.686944783
v 0.375000000 0.617187500 0.436944783
v 0.375000000 0.585937500 0.436944783
v 0.375000000 0.585937500 0.686944783
vt 0.609375000 0.320312500
vt 0.546875000 0.320312500
vt 0.546875000 0.328125000
vt 0.609375000 0.328125000
f 604/604 603/603 602/602 601/601
v -0.125000000 0.617187500 0.436944783
v -0.125000000 0.617187500 0.686944783
v -0.125000000 0.585937500 0.686944783
v -0.125000000 0.585937500 0.436944783
vt 0.421875000 0.320312500
vt 0.359375000 0.320312500
vt 0.359375000 0.328125000
vt 0.421875000 0.328125000
f 608/608 607/607 606/606 605/605
v 0.375000000 0.617187500 0.686944783
v -0.125000000 0.617187500 0.686944783
v -0.125000000 0.617187500 0.436944783
v 0.375000000 0.617187500 0.436944783
vt 0.546875000 0.257812500
vt 0.421875000 0.257812500
vt 0.421875000 0.320312500
vt 0.546875000 0.320312500
f 612/612 611/611 610/610 609/609
v 0.375000000 0.585937500 0.436944783
v -0.125000000 0.585937500 0.436944783
v -0.125000000 0.585937500 0.686944783
v 0.375000000 0.585937500 0.686944783
vt 0.671875000 0.320312500
vt 0.546875000 0.320312500
vt 0.546875000 0.257812500
vt 0.671875000 0.257812500
f 616/616 615/615 614/614 613/613
v 0.375000000 0.617187500 0.436944783
v -0.125000000 0.617187500 0.436944783
v -0.125000000 0.585937500 0.436944783
v 0.375000000 0.585937500 0.436944783
vt 0.546875000 0.320312500
vt 0.421875000 0.320312500
vt 0.421875000 0.328125000
vt 0.546875000 0.328125000
f 620/620 619/619 618/618 617/617
v -0.125000000 0.617187500 0.686944783
v 0.375000000 0.617187500 0.686944783
v 0.375000000 0.585937500 0.686944783
v -0.125000000 0.585937500 0.686944783
vt 0.734375000 0.320312500
vt 0.609375000 0.320312500
vt 0.609375000 0.328125000
vt 0.734375000 0.328125000
f 624/624 623/623 622/622 621/621
o Shape27
usemtl gun
v 0.375000000 0.398437500 0.686944783
v 0.375000000 0.398437500 0.436944783
v 0.375000000 0.367187500 0.436944783
v 0.375000000 0.367187500 0.686944783
vt 0.609375000 0.320312500
vt 0.546875000 0.320312500
vt 0.546875000 0.328125000
vt 0.609375000 0.328125000
f 628/628 627/627 626/626 625/625
v -0.125000000 0.398437500 0.436944783
v -0.125000000 0.398437500 0.686944783
v -0.125000000 0.367187500 0.686944783
v -0.125000000 0.367187500 0.436944783
vt 0.421875000 0.320312500
vt 0.359375000 0.320312500
vt 0.359375000 0.328125000
vt 0.421875000 0.328125000
f 632/632 631/631 630/630 629/629
v 0.375000000 0.398437500 0.686944783
v -0.125000000 0.398437500 0.686944783
v -0.125000000 0.398437500 0.436944783
v 0.375000000 0.398437500 0.436944783
vt 0.546875000 0.257812500
vt 0.421875000 0.257812500
vt 0.421875000 0.320312500
vt 0.546875000 0.320312500
f 636/636 635/635 634/634 633/633
v 0.375000000 0.367187500 0.436944783
v -0.125000000 0.367187500 0.436944783
v -0.125000000 0.367187500 0.686944783
v 0.375000000 0.367187500 0.686944783
vt 0.671875000 0.320312500
vt 0.546875000 0.320312500
vt 0.546875000 0.257812500
vt 0.671875000 0.257812500
f 640/640 639/639 638/638 637/637
v 0.375000000 0.398437500 0.436944783
v -0.125000000 0.398437500 0.436944783
v -0.125000000 0.367187500 0.436944783
v 0.375000000 0.367187500 0.436944783
vt 0.546875000 0.320312500
vt 0.421875000 0.320312500
vt 0.421875000 0.328125000
vt 0.546875000 0.328125000
f 644/644 643/643 642/642 641/641
v -0.125000000 0.398437500 0.686944783
v 0.375000000 0.398437500 0.686944783
v 0.375000000 0.367187500 0.686944783
v -0.125000000 0.367187500 0.686944783
vt 0.734375000 0.320312500
vt 0.609375000 0.320312500
vt 0.609375000 0.328125000
vt 0.734375000 0.328125000
f 648/648 647/647 646/646 645/645
o Shape28
usemtl gun
v 0.343750000 0.195312500 0.374444783
v 0.343750000 0.195312500 0.249444783
v 0.343750000 0.164062500 0.249444783
v 0.343750000 0.164062500 0.374444783
vt 0.156250000 0.992187500
vt 0.125000000 0.992187500
vt 0.125000000 1.000000000
vt 0.156250000 1.000000000
f 652/652 651/651 650/650 649/649
v -0.031250000 0.195312500 0.249444783
v -0.031250000 0.195312500 0.374444783
v -0.031250000 0.164062500 0.374444783
v -0.031250000 0.164062500 0.249444783
vt 0.031250000 0.992187500
vt 0.000000000 0.992187500
vt 0.000000000 1.000000000
vt 0.031250000 1.000000000
f 656/656 655/655 654/654 653/653
v 0.343750000 0.195312500 0.374444783
v -0.031250000 0.195312500 0.374444783
v -0.031250000 0.195312500 0.249444783
v 0.343750000 0.195312500 0.249444783
vt 0.125000000 0.960937500
vt 0.031250000 0.960937500
vt 0.031250000 0.992187500
vt 0.125000000 0.992187500
f 660/660 659/659 658/658 657/657
v 0.343750000 0.164062500 0.249444783
v -0.031250000 0.164062500 0.249444783
v -0.031250000 0.164062500 0.374444783
v 0.343750000 0.164062500 0.374444783
vt 0.218750000 0.992187500
vt 0.125000000 0.992187500
vt 0.125000000 0.960937500
vt 0.218750000 0.960937500
f 664/664 663/663 662/662 661/661
v 0.343750000 0.195312500 0.249444783
v -0.031250000 0.195312500 0.249444783
v -0.031250000 0.164062500 0.249444783
v 0.343750000 0.164062500 0.249444783
vt 0.125000000 0.992187500
vt 0.031250000 0.992187500
vt 0.031250000 1.000000000
vt 0.125000000 1.000000000
f 668/668 667/667 666/666 665/665
v -0.031250000 0.195312500 0.374444783
v 0.343750000 0.195312500 0.374444783
v 0.343750000 0.164062500 0.374444783
v -0.031250000 0.164062500 0.374444783
vt 0.250000000 0.992187500
vt 0.156250000 0.992187500
vt 0.156250000 1.000000000
vt 0.250000000 1.000000000
f 672/672 671/671 670/670 669/669
o Shape29
usemtl gun
v 0.343750000 0.398437500 0.483819783
v 0.343750000 0.398437500 0.452569783
v 0.343750000 0.273437500 0.452569783
v 0.343750000 0.273437500 0.483819783
vt 0.109375000 0.742187500
vt 0.101562500 0.742187500
vt 0.101562500 0.773437500
vt 0.109375000 0.773437500
f 676/676 675/675 674/674 673/673
v -0.031250000 0.398437500 0.452569783
v -0.031250000 0.398437500 0.483819783
v -0.031250000 0.273437500 0.483819783
v -0.031250000 0.273437500 0.452569783
vt 0.007812500 0.742187500
vt 0.000000000 0.742187500
vt 0.000000000 0.773437500
vt 0.007812500 0.773437500
f 680/680 679/679 678/678 677/677
v 0.343750000 0.398437500 0.483819783
v -0.031250000 0.398437500 0.483819783
v -0.031250000 0.398437500 0.452569783
v 0.343750000 0.398437500 0.452569783
vt 0.101562500 0.734375000
vt 0.007812500 0.734375000
vt 0.007812500 0.742187500
vt 0.101562500 0.742187500
f 684/684 683/683 682/682 681/681
v 0.343750000 0.273437500 0.452569783
v -0.031250000 0.273437500 0.452569783
v -0.031250000 0.273437500 0.483819783
v 0.343750000 0.273437500 0.483819783
vt 0.195312500 0.742187500
vt 0.101562500 0.742187500
vt 0.101562500 0.734375000
vt 0.195312500 0.734375000
f 688/688 687/687 686/686 685/685
v 0.343750000 0.398437500 0.452569783
v -0.031250000 0.398437500 0.452569783
v -0.031250000 0.273437500 0.452569783
v 0.343750000 0.273437500 0.452569783
vt 0.101562500 0.742187500
vt 0.007812500 0.742187500
vt 0.007812500 0.773437500
vt 0.101562500 0.773437500
f 692/692 691/691 690/690 689/689
v -0.031250000 0.398437500 0.483819783
v 0.343750000 0.398437500 0.483819783
v 0.343750000 0.273437500 0.483819783
v -0.031250000 0.273437500 0.483819783
vt 0.203125000 0.742187500
vt 0.109375000 0.742187500
vt 0.109375000 0.773437500
vt 0.203125000 0.773437500
f 696/696 695/695 694/694 693/693
o Shape30
usemtl gun
v 0.343750000 0.226562500 0.421319783
v 0.343750000 0.226562500 0.202569783
v 0.343750000 0.195312500 0.202569783
v 0.343750000 0.195312500 0.421319783
vt 0.203125000 0.953125000
vt 0.148437500 0.953125000
vt 0.148437500 0.960937500
vt 0.203125000 0.960937500
f 700/700 699/699 698/698 697/697
v -0.031250000 0.226562500 0.202569783
v -0.031250000 0.226562500 0.421319783
v -0.031250000 0.195312500 0.421319783
v -0.031250000 0.195312500 0.202569783
vt 0.054687500 0.953125000
vt 0.000000000 0.953125000
vt 0.000000000 0.960937500
vt 0.054687500 0.960937500
f 704/704 703/703 702/702 701/701
v 0.343750000 0.226562500 0.421319783
v -0.031250000 0.226562500 0.421319783
v -0.031250000 0.226562500 0.202569783
v 0.343750000 0.226562500 0.202569783
vt 0.148437500 0.898437500
vt 0.054687500 0.898437500
vt 0.054687500 0.953125000
vt 0.148437500 0.953125000
f 708/708 707/707 706/706 705/705
v 0.343750000 0.195312500 0.202569783
v -0.031250000 0.195312500 0.202569783
v -0.031250000 0.195312500 0.421319783
v 0.343750000 0.195312500 0.421319783
vt 0.242187500 0.953125000
vt 0.148437500 0.953125000
vt 0.148437500 0.898437500
vt 0.242187500 0.898437500
f 712/712 711/711 710/710 709/709
v 0.343750000 0.226562500 0.202569783
v -0.031250000 0.226562500 0.202569783
v -0.031250000 0.195312500 0.202569783
v 0.343750000 0.195312500 0.202569783
vt 0.148437500 0.953125000
vt 0.054687500 0.953125000
vt 0.054687500 0.960937500
vt 0.148437500 0.960937500
f 716/716 715/715 714/714 713/713
v -0.031250000 0.226562500 0.421319783
v 0.343750000 0.226562500 0.421319783
v 0.343750000 0.195312500 0.421319783
v -0.031250000 0.195312500 0.421319783
vt 0.296875000 0.953125000
vt 0.203125000 0.953125000
vt 0.203125000 0.960937500
vt 0.296875000 0.960937500
f 720/720 719/719 718/718 717/717
o Shape31
usemtl gun
v 0.343750000 0.476562500 0.421319783
v 0.343750000 0.476562500 0.202569783
v 0.343750000 0.445312500 0.202569783
v 0.343750000 0.445312500 0.421319783
vt 0.203125000 0.953125000
vt 0.148437500 0.953125000
vt 0.148437500 0.960937500
vt 0.203125000 0.960937500
f 724/724 723/723 722/722 721/721
v -0.031250000 0.476562500 0.202569783
v -0.031250000 0.476562500 0.421319783
v -0.031250000 0.445312500 0.421319783
v -0.031250000 0.445312500 0.202569783
vt 0.054687500 0.953125000
vt 0.000000000 0.953125000
vt 0.000000000 0.960937500
vt 0.054687500 0.960937500
f 728/728 727/727 726/726 725/725
v 0.343750000 0.476562500 0.421319783
v -0.031250000 0.476562500 0.421319783
v -0.031250000 0.476562500 0.202569783
v 0.343750000 0.476562500 0.202569783
vt 0.148437500 0.898437500
vt 0.054687500 0.898437500
vt 0.054687500 0.953125000
vt 0.148437500 0.953125000
f 732/732 731/731 730/730 729/729
v 0.343750000 0.445312500 0.202569783
v -0.031250000 0.445312500 0.202569783
v -0.031250000 0.445312500 0.421319783
v 0.343750000 0.445312500 0.421319783
vt 0.242187500 0.953125000
vt 0.148437500 0.953125000
vt 0.148437500 0.898437500
vt 0.242187500 0.898437500
f 736/736 735/735 734/734 733/733
v 0.343750000 0.476562500 0.202569783
v -0.031250000 0.476562500 0.202569783
v -0.031250000 0.445312500 0.202569783
v 0.343750000 0.445312500 0.202569783
vt 0.148437500 0.953125000
vt 0.054687500 0.953125000
vt 0.054687500 0.960937500
vt 0.148437500 0.960937500
f 740/740 739/739 738/738 737/737
v -0.031250000 0.476562500 0.421319783
v 0.343750000 0.476562500 0.421319783
v 0.343750000 0.445312500 0.421319783
v -0.031250000 0.445312500 0.421319783
vt 0.296875000 0.953125000
vt 0.203125000 0.953125000
vt 0.203125000 0.960937500
vt 0.296875000 0.960937500
f 744/744 743/743 742/742 741/741
o Shape32
usemtl gun
v 0.343750000 0.507812500 0.374444783
v 0.343750000 0.507812500 0.249444783
v 0.343750000 0.476562500 0.249444783
v 0.343750000 0.476562500 0.374444783
vt 0.156250000 0.992187500
vt 0.125000000 0.992187500
vt 0.125000000 1.000000000
vt 0.156250000 1.000000000
f 748/748 747/747 746/746 745/745
v -0.031250000 0.507812500 0.249444783
v -0.031250000 0.507812500 0.374444783
v -0.031250000 0.476562500 0.374444783
v -0.031250000 0.476562500 0.249444783
vt 0.031250000 0.992187500
vt 0.000000000 0.992187500
vt 0.000000000 1.000000000
vt 0.031250000 1.000000000
f 752/752 751/751 750/750 749/749
v 0.343750000 0.507812500 0.374444783
v -0.031250000 0.507812500 0.374444783
v -0.031250000 0.507812500 0.249444783
v 0.343750000 0.507812500 0.249444783
vt 0.125000000 0.960937500
vt 0.031250000 0.960937500
vt 0.031250000 0.992187500
vt 0.125000000 0.992187500
f 756/756 755/755 754/754 753/753
v 0.343750000 0.476562500 0.249444783
v -0.031250000 0.476562500 0.249444783
v -0.031250000 0.476562500 0.374444783
v 0.343750000 0.476562500 0.374444783
vt 0.218750000 0.992187500
vt 0.125000000 0.992187500
vt 0.125000000 0.960937500
vt 0.218750000 0.960937500
f 760/760 759/759 758/758 757/757
v 0.343750000 0.507812500 0.249444783
v -0.031250000 0.507812500 0.249444783
v -0.031250000 0.476562500 0.249444783
v 0.343750000 0.476562500 0.249444783
vt 0.125000000 0.992187500
vt 0.031250000 0.992187500
vt 0.031250000 1.000000000
vt 0.125000000 1.000000000
f 764/764 763/763 762/762 761/761
v -0.031250000 0.507812500 0.374444783
v 0.343750000 0.507812500 0.374444783
v 0.343750000 0.476562500 0.374444783
v -0.031250000 0.476562500 0.374444783
vt 0.250000000 0.992187500
vt 0.156250000 0.992187500
vt 0.156250000 1.000000000
vt 0.250000000 1.000000000
f 768/768 767/767 766/766 765/765
o Shape33
usemtl gun
v 0.343750000 0.445312500 0.452569783
v 0.343750000 0.445312500 0.171319783
v 0.343750000 0.226562500 0.171319783
v 0.343750000 0.226562500 0.452569783
vt 0.234375000 0.843750000
vt 0.164062500 0.843750000
vt 0.164062500 0.898437500
vt 0.234375000 0.898437500
f 772/772 771/771 770/770 769/769
v -0.031250000 0.445312500 0.171319783
v -0.031250000 0.445312500 0.452569783
v -0.031250000 0.226562500 0.452569783
v -0.031250000 0.226562500 0.171319783
vt 0.070312500 0.843750000
vt 0.000000000 0.843750000
vt 0.000000000 0.898437500
vt 0.070312500 0.898437500
f 776/776 775/775 774/774 773/773
v 0.343750000 0.445312500 0.452569783
v -0.031250000 0.445312500 0.452569783
v -0.031250000 0.445312500 0.171319783
v 0.343750000 0.445312500 0.171319783
vt 0.164062500 0.773437500
vt 0.070312500 0.773437500
vt 0.070312500 0.843750000
vt 0.164062500 0.843750000
f 780/780 779/779 778/778 777/777
v 0.343750000 0.226562500 0.171319783
v -0.031250000 0.226562500 0.171319783
v -0.031250000 0.226562500 0.452569783
v 0.343750000 0.226562500 0.452569783
vt 0.257812500 0.843750000
vt 0.164062500 0.843750000
vt 0.164062500 0.773437500
vt 0.257812500 0.773437500
f 784/784 783/783 782/782 781/781
v 0.343750000 0.445312500 0.171319783
v -0.031250000 0.445312500 0.171319783
v -0.031250000 0.226562500 0.171319783
v 0.343750000 0.226562500 0.171319783
vt 0.164062500 0.843750000
vt 0.070312500 0.843750000
vt 0.070312500 0.898437500
vt 0.164062500 0.898437500
f 788/788 787/787 786/786 785/785
v -0.031250000 0.445312500 0.452569783
v 0.343750000 0.445312500 0.452569783
v 0.343750000 0.226562500 0.452569783
v -0.031250000 0.226562500 0.452569783
vt 0.328125000 0.843750000
vt 0.234375000 0.843750000
vt 0.234375000 0.898437500
vt 0.328125000 0.898437500
f 792/792 791/791 790/790 789/789
o Shape34
usemtl gun
v 0.343750000 0.398437500 0.171319783
v 0.343750000 0.398437500 0.140069783
v 0.343750000 0.273437500 0.140069783
v 0.343750000 0.273437500 0.171319783
vt 0.109375000 0.742187500
vt 0.101562500 0.742187500
vt 0.101562500 0.773437500
vt 0.109375000 0.773437500
f 796/796 795/795 794/794 793/793
v -0.031250000 0.398437500 0.140069783
v -0.031250000 0.398437500 0.171319783
v -0.031250000 0.273437500 0.171319783
v -0.031250000 0.273437500 0.140069783
vt 0.007812500 0.742187500
vt 0.000000000 0.742187500
vt 0.000000000 0.773437500
vt 0.007812500 0.773437500
f 800/800 799/799 798/798 797/797
v 0.343750000 0.398437500 0.171319783
v -0.031250000 0.398437500 0.171319783
v -0.031250000 0.398437500 0.140069783
v 0.343750000 0.398437500 0.140069783
vt 0.101562500 0.734375000
vt 0.007812500 0.734375000
vt 0.007812500 0.742187500
vt 0.101562500 0.742187500
f 804/804 803/803 802/802 801/801
v 0.343750000 0.273437500 0.140069783
v -0.031250000 0.273437500 0.140069783
v -0.031250000 0.273437500 0.171319783
v 0.343750000 0.273437500 0.171319783
vt 0.195312500 0.742187500
vt 0.101562500 0.742187500
vt 0.101562500 0.734375000
vt 0.195312500 0.734375000
f 808/808 807/807 806/806 805/805
v 0.343750000 0.398437500 0.140069783
v -0.031250000 0.398437500 0.140069783
v -0.031250000 0.273437500 0.140069783
v 0.343750000 0.273437500 0.140069783
vt 0.101562500 0.742187500
vt 0.007812500 0.742187500
vt 0.007812500 0.773437500
vt 0.101562500 0.773437500
f 812/812 811/811 810/810 809/809
v -0.031250000 0.398437500 0.171319783
v 0.343750000 0.398437500 0.171319783
v 0.343750000 0.273437500 0.171319783
v -0.031250000 0.273437500 0.171319783
vt 0.203125000 0.742187500
vt 0.109375000 0.742187500
vt 0.109375000 0.773437500
vt 0.203125000 0.773437500
f 816/816 815/815 814/814 813/813
o Shape35
usemtl gun
v 0.500000000 0.664062500 0.780694783
v 0.500000000 0.664062500 0.718194783
v 0.500000000 0.570312500 0.718194783
v 0.500000000 0.570312500 0.780694783
vt 0.054687500 0.429687500
vt 0.039062500 0.429687500
vt 0.039062500 0.453125000
vt 0.054687500 0.453125000
f 820/820 819/819 818/818 817/817
v 0.406250000 0.664062500 0.718194783
v 0.406250000 0.664062500 0.780694783
v 0.406250000 0.570312500 0.780694783
v 0.406250000 0.570312500 0.718194783
vt 0.015625000 0.429687500
vt 0.000000000 0.429687500
vt 0.000000000 0.453125000
vt 0.015625000 0.453125000
f 824/824 823/823 822/822 821/821
v 0.500000000 0.664062500 0.780694783
v 0.406250000 0.664062500 0.780694783
v 0.406250000 0.664062500 0.718194783
v 0.500000000 0.664062500 0.718194783
vt 0.039062500 0.414062500
vt 0.015625000 0.414062500
vt 0.015625000 0.429687500
vt 0.039062500 0.429687500
f 828/828 827/827 826/826 825/825
v 0.500000000 0.570312500 0.718194783
v 0.406250000 0.570312500 0.718194783
v 0.406250000 0.570312500 0.780694783
v 0.500000000 0.570312500 0.780694783
vt 0.062500000 0.429687500
vt 0.039062500 0.429687500
vt 0.039062500 0.414062500
vt 0.062500000 0.414062500
f 832/832 831/831 830/830 829/829
v 0.500000000 0.664062500 0.718194783
v 0.406250000 0.664062500 0.718194783
v 0.406250000 0.570312500 0.718194783
v 0.500000000 0.570312500 0.718194783
vt 0.039062500 0.429687500
vt 0.015625000 0.429687500
vt 0.015625000 0.453125000
vt 0.039062500 0.453125000
f 836/836 835/835 834/834 833/833
v 0.406250000 0.664062500 0.780694783
v 0.500000000 0.664062500 0.780694783
v 0.500000000 0.570312500 0.780694783
v 0.406250000 0.570312500 0.780694783
vt 0.078125000 0.429687500
vt 0.054687500 0.429687500
vt 0.054687500 0.453125000
vt 0.078125000 0.453125000
f 840/840 839/839 838/838 837/837
o Shape36
usemtl gun
v 0.218750000 0.677006674 0.374444781
v 0.218750000 0.632812498 0.330250609
v 0.218750000 0.588618326 0.374444784
v 0.218750000 0.632812502 0.418638957
vt 0.781250000 0.156250000
vt 0.765625000 0.156250000
vt 0.765625000 0.171875000
vt 0.781250000 0.171875000
f 844/844 843/843 842/842 841/841
v 0.187500000 0.632812498 0.330250609
v 0.187500000 0.677006674 0.374444781
v 0.187500000 0.632812502 0.418638957
v 0.187500000 0.588618326 0.374444784
vt 0.757812500 0.156250000
vt 0.742187500 0.156250000
vt 0.742187500 0.171875000
vt 0.757812500 0.171875000
f 848/848 847/847 846/846 845/845
v 0.218750000 0.677006674 0.374444781
v 0.187500000 0.677006674 0.374444781
v 0.187500000 0.632812498 0.330250609
v 0.218750000 0.632812498 0.330250609
vt 0.765625000 0.140625000
vt 0.757812500 0.140625000
vt 0.757812500 0.156250000
vt 0.765625000 0.156250000
f 852/852 851/851 850/850 849/849
v 0.218750000 0.588618326 0.374444784
v 0.187500000 0.588618326 0.374444784
v 0.187500000 0.632812502 0.418638957
v 0.218750000 0.632812502 0.418638957
vt 0.773437500 0.156250000
vt 0.765625000 0.156250000
vt 0.765625000 0.140625000
vt 0.773437500 0.140625000
f 856/856 855/855 854/854 853/853
v 0.218750000 0.632812498 0.330250609
v 0.187500000 0.632812498 0.330250609
v 0.187500000 0.588618326 0.374444784
v 0.218750000 0.588618326 0.374444784
vt 0.765625000 0.156250000
vt 0.757812500 0.156250000
vt 0.757812500 0.171875000
vt 0.765625000 0.171875000
f 860/860 859/859 858/858 857/857
v 0.187500000 0.677006674 0.374444781
v 0.218750000 0.677006674 0.374444781
v 0.218750000 0.632812502 0.418638957
v 0.187500000 0.632812502 0.418638957
vt 0.789062500 0.156250000
vt 0.781250000 0.156250000
vt 0.781250000 0.171875000
vt 0.789062500 0.171875000
f 864/864 863/863 862/862 861/861
o Shape37
usemtl gun
v 0.343750000 0.699103761 0.374444780
v 0.343750000 0.632812498 0.308153522
v 0.343750000 0.566521239 0.374444785
v 0.343750000 0.632812502 0.440736043
vt 0.078125000 0.156250000
vt 0.054687500 0.156250000
vt 0.054687500 0.179687500
vt 0.078125000 0.179687500
f 868/868 867/867 866/866 865/865
v 0.218750000 0.632812498 0.308153522
v 0.218750000 0.699103761 0.374444780
v 0.218750000 0.632812502 0.440736043
v 0.218750000 0.566521239 0.374444785
vt 0.023437500 0.156250000
vt 0.000000000 0.156250000
vt 0.000000000 0.179687500
vt 0.023437500 0.179687500
f 872/872 871/871 870/870 869/869
v 0.343750000 0.699103761 0.374444780
v 0.218750000 0.699103761 0.374444780
v 0.218750000 0.632812498 0.308153522
v 0.343750000 0.632812498 0.308153522
vt 0.054687500 0.132812500
vt 0.023437500 0.132812500
vt 0.023437500 0.156250000
vt 0.054687500 0.156250000
f 876/876 875/875 874/874 873/873
v 0.343750000 0.566521239 0.374444785
v 0.218750000 0.566521239 0.374444785
v 0.218750000 0.632812502 0.440736043
v 0.343750000 0.632812502 0.440736043
vt 0.085937500 0.156250000
vt 0.054687500 0.156250000
vt 0.054687500 0.132812500
vt 0.085937500 0.132812500
f 880/880 879/879 878/878 877/877
v 0.343750000 0.632812498 0.308153522
v 0.218750000 0.632812498 0.308153522
v 0.218750000 0.566521239 0.374444785
v 0.343750000 0.566521239 0.374444785
vt 0.054687500 0.156250000
vt 0.023437500 0.156250000
vt 0.023437500 0.179687500
vt 0.054687500 0.179687500
f 884/884 883/883 882/882 881/881
v 0.218750000 0.699103761 0.374444780
v 0.343750000 0.699103761 0.374444780
v 0.343750000 0.632812502 0.440736043
v 0.218750000 0.632812502 0.440736043
vt 0.109375000 0.156250000
vt 0.078125000 0.156250000
vt 0.078125000 0.179687500
vt 0.109375000 0.179687500
f 888/888 887/887 886/886 885/885
o Shape38
usemtl gun
v 0.406250000 0.677006674 0.374444781
v 0.406250000 0.632812498 0.330250609
v 0.406250000 0.588618326 0.374444784
v 0.406250000 0.632812502 0.418638957
vt 0.789062500 0.156250000
vt 0.773437500 0.156250000
vt 0.773437500 0.171875000
vt 0.789062500 0.171875000
f 892/892 891/891 890/890 889/889
v 0.343750000 0.632812498 0.330250609
v 0.343750000 0.677006674 0.374444781
v 0.343750000 0.632812502 0.418638957
v 0.343750000 0.588618326 0.374444784
vt 0.757812500 0.156250000
vt 0.742187500 0.156250000
vt 0.742187500 0.171875000
vt 0.757812500 0.171875000
f 896/896 895/895 894/894 893/893
v 0.406250000 0.677006674 0.374444781
v 0.343750000 0.677006674 0.374444781
v 0.343750000 0.632812498 0.330250609
v 0.406250000 0.632812498 0.330250609
vt 0.773437500 0.140625000
vt 0.757812500 0.140625000
vt 0.757812500 0.156250000
vt 0.773437500 0.156250000
f 900/900 899/899 898/898 897/897
v 0.406250000 0.588618326 0.374444784
v 0.343750000 0.588618326 0.374444784
v 0.343750000 0.632812502 0.418638957
v 0.406250000 0.632812502 0.418638957
vt 0.789062500 0.156250000
vt 0.773437500 0.156250000
vt 0.773437500 0.140625000
vt 0.789062500 0.140625000
f 904/904 903/903 902/902 901/901
v 0.406250000 0.632812498 0.330250609
v 0.343750000 0.632812498 0.330250609
v 0.343750000 0.588618326 0.374444784
v 0.406250000 0.588618326 0.374444784
vt 0.773437500 0.156250000
vt 0.757812500 0.156250000
vt 0.757812500 0.171875000
vt 0.773437500 0.171875000
f 908/908 907/907 906/906 905/905
v 0.343750000 0.677006674 0.374444781
v 0.406250000 0.677006674 0.374444781
v 0.406250000 0.632812502 0.418638957
v 0.343750000 0.632812502 0.418638957
vt 0.804687500 0.156250000
vt 0.789062500 0.156250000
vt 0.789062500 0.171875000
vt 0.804687500 0.171875000
f 912/912 911/911 910/910 909/909
o Shape39
usemtl gun
v 0.218750000 0.677006674 0.749444781
v 0.218750000 0.632812498 0.705250609
v 0.218750000 0.588618326 0.749444784
v 0.218750000 0.632812502 0.793638957
vt 0.781250000 0.156250000
vt 0.765625000 0.156250000
vt 0.765625000 0.171875000
vt 0.781250000 0.171875000
f 916/916 915/915 914/914 913/913
v 0.187500000 0.632812498 0.705250609
v 0.187500000 0.677006674 0.749444781
v 0.187500000 0.632812502 0.793638957
v 0.187500000 0.588618326 0.749444784
vt 0.757812500 0.156250000
vt 0.742187500 0.156250000
vt 0.742187500 0.171875000
vt 0.757812500 0.171875000
f 920/920 919/919 918/918 917/917
v 0.218750000 0.677006674 0.749444781
v 0.187500000 0.677006674 0.749444781
v 0.187500000 0.632812498 0.705250609
v 0.218750000 0.632812498 0.705250609
vt 0.765625000 0.140625000
vt 0.757812500 0.140625000
vt 0.757812500 0.156250000
vt 0.765625000 0.156250000
f 924/924 923/923 922/922 921/921
v 0.218750000 0.588618326 0.749444784
v 0.187500000 0.588618326 0.749444784
v 0.187500000 0.632812502 0.793638957
v 0.218750000 0.632812502 0.793638957
vt 0.773437500 0.156250000
vt 0.765625000 0.156250000
vt 0.765625000 0.140625000
vt 0.773437500 0.140625000
f 928/928 927/927 926/926 925/925
v 0.218750000 0.632812498 0.705250609
v 0.187500000 0.632812498 0.705250609
v 0.187500000 0.588618326 0.749444784
v 0.218750000 0.588618326 0.749444784
vt 0.765625000 0.156250000
vt 0.757812500 0.156250000
vt 0.757812500 0.171875000
vt 0.765625000 0.171875000
f 932/932 931/931 930/930 929/929
v 0.187500000 0.677006674 0.749444781
v 0.218750000 0.677006674 0.749444781
v 0.218750000 0.632812502 0.793638957
v 0.187500000 0.632812502 0.793638957
vt 0.789062500 0.156250000
vt 0.781250000 0.156250000
vt 0.781250000 0.171875000
vt 0.789062500 0.171875000
f 936/936 935/935 934/934 933/933
o Shape40
usemtl gun
v 0.312500000 0.511603761 0.749444780
v 0.312500000 0.445312498 0.683153522
v 0.312500000 0.379021239 0.749444785
v 0.312500000 0.445312502 0.815736043
vt 0.625000000 0.421875000
vt 0.601562500 0.421875000
vt 0.601562500 0.445312500
vt 0.625000000 0.445312500
f 940/940 939/939 938/938 937/937
v -0.062500000 0.445312498 0.683153522
v -0.062500000 0.511603761 0.749444780
v -0.062500000 0.445312502 0.815736043
v -0.062500000 0.379021239 0.749444785
vt 0.507812500 0.421875000
vt 0.484375000 0.421875000
vt 0.484375000 0.445312500
vt 0.507812500 0.445312500
f 944/944 943/943 942/942 941/941
v 0.312500000 0.511603761 0.749444780
v -0.062500000 0.511603761 0.749444780
v -0.062500000 0.445312498 0.683153522
v 0.312500000 0.445312498 0.683153522
vt 0.601562500 0.398437500
vt 0.507812500 0.398437500
vt 0.507812500 0.421875000
vt 0.601562500 0.421875000
f 948/948 947/947 946/946 945/945
v 0.312500000 0.379021239 0.749444785
v -0.062500000 0.379021239 0.749444785
v -0.062500000 0.445312502 0.815736043
v 0.312500000 0.445312502 0.815736043
vt 0.695312500 0.421875000
vt 0.601562500 0.421875000
vt 0.601562500 0.398437500
vt 0.695312500 0.398437500
f 952/952 951/951 950/950 949/949
v 0.312500000 0.445312498 0.683153522
v -0.062500000 0.445312498 0.683153522
v -0.062500000 0.379021239 0.749444785
v 0.312500000 0.379021239 0.749444785
vt 0.601562500 0.421875000
vt 0.507812500 0.421875000
vt 0.507812500 0.445312500
vt 0.601562500 0.445312500
f 956/956 955/955 954/954 953/953
v -0.062500000 0.511603761 0.749444780
v 0.312500000 0.511603761 0.749444780
v 0.312500000 0.445312502 0.815736043
v -0.062500000 0.445312502 0.815736043
vt 0.718750000 0.421875000
vt 0.625000000 0.421875000
vt 0.625000000 0.445312500
vt 0.718750000 0.445312500
f 960/960 959/959 958/958 957/957
o Shape41
usemtl gun
v 0.234375000 0.555797935 0.749444779
v 0.234375000 0.445312496 0.638959348
v 0.234375000 0.334827065 0.749444787
v 0.234375000 0.445312504 0.859930217
vt 0.835937500 0.304687500
vt 0.796875000 0.304687500
vt 0.796875000 0.343750000
vt 0.835937500 0.343750000
f 964/964 963/963 962/962 961/961
v 0.203125000 0.445312496 0.638959348
v 0.203125000 0.555797935 0.749444779
v 0.203125000 0.445312504 0.859930217
v 0.203125000 0.334827065 0.749444787
vt 0.789062500 0.304687500
vt 0.750000000 0.304687500
vt 0.750000000 0.343750000
vt 0.789062500 0.343750000
f 968/968 967/967 966/966 965/965
v 0.234375000 0.555797935 0.749444779
v 0.203125000 0.555797935 0.749444779
v 0.203125000 0.445312496 0.638959348
v 0.234375000 0.445312496 0.638959348
vt 0.796875000 0.265625000
vt 0.789062500 0.265625000
vt 0.789062500 0.304687500
vt 0.796875000 0.304687500
f 972/972 971/971 970/970 969/969
v 0.234375000 0.334827065 0.749444787
v 0.203125000 0.334827065 0.749444787
v 0.203125000 0.445312504 0.859930217
v 0.234375000 0.445312504 0.859930217
vt 0.804687500 0.304687500
vt 0.796875000 0.304687500
vt 0.796875000 0.265625000
vt 0.804687500 0.265625000
f 976/976 975/975 974/974 973/973
v 0.234375000 0.445312496 0.638959348
v 0.203125000 0.445312496 0.638959348
v 0.203125000 0.334827065 0.749444787
v 0.234375000 0.334827065 0.749444787
vt 0.796875000 0.304687500
vt 0.789062500 0.304687500
vt 0.789062500 0.343750000
vt 0.796875000 0.343750000
f 980/980 979/979 978/978 977/977
v 0.203125000 0.555797935 0.749444779
v 0.234375000 0.555797935 0.749444779
v 0.234375000 0.445312504 0.859930217
v 0.203125000 0.445312504 0.859930217
vt 0.843750000 0.304687500
vt 0.835937500 0.304687500
vt 0.835937500 0.343750000
vt 0.843750000 0.343750000
f 984/984 983/983 982/982 981/981
o Shape42
usemtl gun
v 0.328125000 0.621763955 0.694202066
v 0.328125000 0.577569779 0.650007894
v 0.328125000 0.533375607 0.694202069
v 0.328125000 0.577569782 0.738396241
vt 0.054687500 0.218750000
vt 0.039062500 0.218750000
vt 0.039062500 0.234375000
vt 0.054687500 0.234375000
f 988/988 987/987 986/986 985/985
v 0.234375000 0.577569779 0.650007894
v 0.234375000 0.621763955 0.694202066
v 0.234375000 0.577569782 0.738396241
v 0.234375000 0.533375607 0.694202069
vt 0.015625000 0.218750000
vt 0.000000000 0.218750000
vt 0.000000000 0.234375000
vt 0.015625000 0.234375000
f 992/992 991/991 990/990 989/989
v 0.328125000 0.621763955 0.694202066
v 0.234375000 0.621763955 0.694202066
v 0.234375000 0.577569779 0.650007894
v 0.328125000 0.577569779 0.650007894
vt 0.039062500 0.203125000
vt 0.015625000 0.203125000
vt 0.015625000 0.218750000
vt 0.039062500 0.218750000
f 996/996 995/995 994/994 993/993
v 0.328125000 0.533375607 0.694202069
v 0.234375000 0.533375607 0.694202069
v 0.234375000 0.577569782 0.738396241
v 0.328125000 0.577569782 0.738396241
vt 0.062500000 0.218750000
vt 0.039062500 0.218750000
vt 0.039062500 0.203125000
vt 0.062500000 0.203125000
f 1000/1000 999/999 998/998 997/997
v 0.328125000 0.577569779 0.650007894
v 0.234375000 0.577569779 0.650007894
v 0.234375000 0.533375607 0.694202069
v 0.328125000 0.533375607 0.694202069
vt 0.039062500 0.218750000
vt 0.015625000 0.218750000
vt 0.015625000 0.234375000
vt 0.039062500 0.234375000
f 1004/1004 1003/1003 1002/1002 1001/1001
v 0.234375000 0.621763955 0.694202066
v 0.328125000 0.621763955 0.694202066
v 0.328125000 0.577569782 0.738396241
v 0.234375000 0.577569782 0.738396241
vt 0.078125000 0.218750000
vt 0.054687500 0.218750000
vt 0.054687500 0.234375000
vt 0.078125000 0.234375000
f 1008/1008 1007/1007 1006/1006 1005/1005
o Shape43
usemtl gun
v 0.343750000 0.699103761 0.749444780
v 0.343750000 0.632812498 0.683153522
v 0.343750000 0.566521239 0.749444785
v 0.343750000 0.632812502 0.815736043
vt 0.078125000 0.156250000
vt 0.054687500 0.156250000
vt 0.054687500 0.179687500
vt 0.078125000 0.179687500
f 1012/1012 1011/1011 1010/1010 1009/1009
v 0.218750000 0.632812498 0.683153522
v 0.218750000 0.699103761 0.749444780
v 0.218750000 0.632812502 0.815736043
v 0.218750000 0.566521239 0.749444785
vt 0.023437500 0.156250000
vt 0.000000000 0.156250000
vt 0.000000000 0.179687500
vt 0.023437500 0.179687500
f 1016/1016 1015/1015 1014/1014 1013/1013
v 0.343750000 0.699103761 0.749444780
v 0.218750000 0.699103761 0.749444780
v 0.218750000 0.632812498 0.683153522
v 0.343750000 0.632812498 0.683153522
vt 0.054687500 0.132812500
vt 0.023437500 0.132812500
vt 0.023437500 0.156250000
vt 0.054687500 0.156250000
f 1020/1020 1019/1019 1018/1018 1017/1017
v 0.343750000 0.566521239 0.749444785
v 0.218750000 0.566521239 0.749444785
v 0.218750000 0.632812502 0.815736043
v 0.343750000 0.632812502 0.815736043
vt 0.085937500 0.156250000
vt 0.054687500 0.156250000
vt 0.054687500 0.132812500
vt 0.085937500 0.132812500
f 1024/1024 1023/1023 1022/1022 1021/1021
v 0.343750000 0.632812498 0.683153522
v 0.218750000 0.632812498 0.683153522
v 0.218750000 0.566521239 0.749444785
v 0.343750000 0.566521239 0.749444785
vt 0.054687500 0.156250000
vt 0.023437500 0.156250000
vt 0.023437500 0.179687500
vt 0.054687500 0.179687500
f 1028/1028 1027/1027 1026/1026 1025/1025
v 0.218750000 0.699103761 0.749444780
v 0.343750000 0.699103761 0.749444780
v 0.343750000 0.632812502 0.815736043
v 0.218750000 0.632812502 0.815736043
vt 0.109375000 0.156250000
vt 0.078125000 0.156250000
vt 0.078125000 0.179687500
vt 0.109375000 0.179687500
f 1032/1032 1031/1031 1030/1030 1029/1029
o Shape44
usemtl gun
v 0.406250000 0.677006674 0.749444781
v 0.406250000 0.632812498 0.705250609
v 0.406250000 0.588618326 0.749444784
v 0.406250000 0.632812502 0.793638957
vt 0.789062500 0.156250000
vt 0.773437500 0.156250000
vt 0.773437500 0.171875000
vt 0.789062500 0.171875000
f 1036/1036 1035/1035 1034/1034 1033/1033
v 0.343750000 0.632812498 0.705250609
v 0.343750000 0.677006674 0.749444781
v 0.343750000 0.632812502 0.793638957
v 0.343750000 0.588618326 0.749444784
vt 0.757812500 0.156250000
vt 0.742187500 0.156250000
vt 0.742187500 0.171875000
vt 0.757812500 0.171875000
f 1040/1040 1039/1039 1038/1038 1037/1037
v 0.406250000 0.677006674 0.749444781
v 0.343750000 0.677006674 0.749444781
v 0.343750000 0.632812498 0.705250609
v 0.406250000 0.632812498 0.705250609
vt 0.773437500 0.140625000
vt 0.757812500 0.140625000
vt 0.757812500 0.156250000
vt 0.773437500 0.156250000
f 1044/1044 1043/1043 1042/1042 1041/1041
v 0.406250000 0.588618326 0.749444784
v 0.343750000 0.588618326 0.749444784
v 0.343750000 0.632812502 0.793638957
v 0.406250000 0.632812502 0.793638957
vt 0.789062500 0.156250000
vt 0.773437500 0.156250000
vt 0.773437500 0.140625000
vt 0.789062500 0.140625000
f 1048/1048 1047/1047 1046/1046 1045/1045
v 0.406250000 0.632812498 0.705250609
v 0.343750000 0.632812498 0.705250609
v 0.343750000 0.588618326 0.749444784
v 0.406250000 0.588618326 0.749444784
vt 0.773437500 0.156250000
vt 0.757812500 0.156250000
vt 0.757812500 0.171875000
vt 0.773437500 0.171875000
f 1052/1052 1051/1051 1050/1050 1049/1049
v 0.343750000 0.677006674 0.749444781
v 0.406250000 0.677006674 0.749444781
v 0.406250000 0.632812502 0.793638957
v 0.343750000 0.632812502 0.793638957
vt 0.804687500 0.156250000
vt 0.789062500 0.156250000
vt 0.789062500 0.171875000
vt 0.804687500 0.171875000
f 1056/1056 1055/1055 1054/1054 1053/1053
o Shape45
usemtl gun
v 0.281250000 0.533700848 0.749444779
v 0.281250000 0.445312497 0.661056435
v 0.281250000 0.356924152 0.749444786
v 0.281250000 0.445312503 0.837833130
vt 0.140625000 0.031250000
vt 0.109375000 0.031250000
vt 0.109375000 0.062500000
vt 0.140625000 0.062500000
f 1060/1060 1059/1059 1058/1058 1057/1057
v -0.031250000 0.445312497 0.661056435
v -0.031250000 0.533700848 0.749444779
v -0.031250000 0.445312503 0.837833130
v -0.031250000 0.356924152 0.749444786
vt 0.031250000 0.031250000
vt 0.000000000 0.031250000
vt 0.000000000 0.062500000
vt 0.031250000 0.062500000
f 1064/1064 1063/1063 1062/1062 1061/1061
v 0.281250000 0.533700848 0.749444779
v -0.031250000 0.533700848 0.749444779
v -0.031250000 0.445312497 0.661056435
v 0.281250000 0.445312497 0.661056435
vt 0.109375000 0.000000000
vt 0.031250000 0.000000000
vt 0.031250000 0.031250000
vt 0.109375000 0.031250000
f 1068/1068 1067/1067 1066/1066 1065/1065
v 0.281250000 0.356924152 0.749444786
v -0.031250000 0.356924152 0.749444786
v -0.031250000 0.445312503 0.837833130
v 0.281250000 0.445312503 0.837833130
vt 0.187500000 0.031250000
vt 0.109375000 0.031250000
vt 0.109375000 0.000000000
vt 0.187500000 0.000000000
f 1072/1072 1071/1071 1070/1070 1069/1069
v 0.281250000 0.445312497 0.661056435
v -0.031250000 0.445312497 0.661056435
v -0.031250000 0.356924152 0.749444786
v 0.281250000 0.356924152 0.749444786
vt 0.109375000 0.031250000
vt 0.031250000 0.031250000
vt 0.031250000 0.062500000
vt 0.109375000 0.062500000
f 1076/1076 1075/1075 1074/1074 1073/1073
v -0.031250000 0.533700848 0.749444779
v 0.281250000 0.533700848 0.749444779
v 0.281250000 0.445312503 0.837833130
v -0.031250000 0.445312503 0.837833130
vt 0.218750000 0.031250000
vt 0.140625000 0.031250000
vt 0.140625000 0.062500000
vt 0.218750000 0.062500000
f 1080/1080 1079/1079 1078/1078 1077/1077
o Shape46
usemtl gun
v 0.046875000 0.555797935 0.749444779
v 0.046875000 0.445312496 0.638959348
v 0.046875000 0.334827065 0.749444787
v 0.046875000 0.445312504 0.859930217
vt 0.835937500 0.304687500
vt 0.796875000 0.304687500
vt 0.796875000 0.343750000
vt 0.835937500 0.343750000
f 1084/1084 1083/1083 1082/1082 1081/1081
v 0.015625000 0.445312496 0.638959348
v 0.015625000 0.555797935 0.749444779
v 0.015625000 0.445312504 0.859930217
v 0.015625000 0.334827065 0.749444787
vt 0.789062500 0.304687500
vt 0.750000000 0.304687500
vt 0.750000000 0.343750000
vt 0.789062500 0.343750000
f 1088/1088 1087/1087 1086/1086 1085/1085
v 0.046875000 0.555797935 0.749444779
v 0.015625000 0.555797935 0.749444779
v 0.015625000 0.445312496 0.638959348
v 0.046875000 0.445312496 0.638959348
vt 0.796875000 0.265625000
vt 0.789062500 0.265625000
vt 0.789062500 0.304687500
vt 0.796875000 0.304687500
f 1092/1092 1091/1091 1090/1090 1089/1089
v 0.046875000 0.334827065 0.749444787
v 0.015625000 0.334827065 0.749444787
v 0.015625000 0.445312504 0.859930217
v 0.046875000 0.445312504 0.859930217
vt 0.804687500 0.304687500
vt 0.796875000 0.304687500
vt 0.796875000 0.265625000
vt 0.804687500 0.265625000
f 1096/1096 1095/1095 1094/1094 1093/1093
v 0.046875000 0.445312496 0.638959348
v 0.015625000 0.445312496 0.638959348
v 0.015625000 0.334827065 0.749444787
v 0.046875000 0.334827065 0.749444787
vt 0.796875000 0.304687500
vt 0.789062500 0.304687500
vt 0.789062500 0.343750000
vt 0.796875000 0.343750000
f 1100/1100 1099/1099 1098/1098 1097/1097
v 0.015625000 0.555797935 0.749444779
v 0.046875000 0.555797935 0.749444779
v 0.046875000 0.445312504 0.859930217
v 0.015625000 0.445312504 0.859930217
vt 0.843750000 0.304687500
vt 0.835937500 0.304687500
vt 0.835937500 0.343750000
vt 0.843750000 0.343750000
f 1104/1104 1103/1103 1102/1102 1101/1101
o r1
usemtl gun
v 1.406250000 0.601562500 0.608819783
v 1.406250000 0.601562500 0.515069783
v 1.406250000 0.382812500 0.515069783
v 1.406250000 0.382812500 0.608819783
vt 0.992187500 0.125000000
vt 0.968750000 0.125000000
vt 0.968750000 0.179687500
vt 0.992187500 0.179687500
f 1108/1108 1107/1107 1106/1106 1105/1105
v 1.375000000 0.601562500 0.515069783
v 1.375000000 0.601562500 0.608819783
v 1.375000000 0.382812500 0.608819783
v 1.375000000 0.382812500 0.515069783
vt 0.960937500 0.125000000
vt 0.937500000 0.125000000
vt 0.937500000 0.179687500
vt 0.960937500 0.179687500
f 1112/1112 1111/1111 1110/1110 1109/1109
v 1.406250000 0.601562500 0.608819783
v 1.375000000 0.601562500 0.608819783
v 1.375000000 0.601562500 0.515069783
v 1.406250000 0.601562500 0.515069783
vt 0.968750000 0.101562500
vt 0.960937500 0.101562500
vt 0.960937500 0.125000000
vt 0.968750000 0.125000000
f 1116/1116 1115/1115 1114/1114 1113/1113
v 1.406250000 0.382812500 0.515069783
v 1.375000000 0.382812500 0.515069783
v 1.375000000 0.382812500 0.608819783
v 1.406250000 0.382812500 0.608819783
vt 0.976562500 0.125000000
vt 0.968750000 0.125000000
vt 0.968750000 0.101562500
vt 0.976562500 0.101562500
f 1120/1120 1119/1119 1118/1118 1117/1117
v 1.406250000 0.601562500 0.515069783
v 1.375000000 0.601562500 0.515069783
v 1.375000000 0.382812500 0.515069783
v 1.406250000 0.382812500 0.515069783
vt 0.968750000 0.125000000
vt 0.960937500 0.125000000
vt 0.960937500 0.179687500
vt 0.968750000 0.179687500
f 1124/1124 1123/1123 1122/1122 1121/1121
v 1.375000000 0.601562500 0.608819783
v 1.406250000 0.601562500 0.608819783
v 1.406250000 0.382812500 0.608819783
v 1.375000000 0.382812500 0.608819783
vt 1.000000000 0.125000000
vt 0.992187500 0.125000000
vt 0.992187500 0.179687500
vt 1.000000000 0.179687500
f 1128/1128 1127/1127 1126/1126 1125/1125
o r2
usemtl gun
v 1.406250000 0.539062500 0.671319783
v 1.406250000 0.539062500 0.640069783
v 1.406250000 0.445312500 0.640069783
v 1.406250000 0.445312500 0.671319783
vt 0.929687500 0.164062500
vt 0.921875000 0.164062500
vt 0.921875000 0.187500000
vt 0.929687500 0.187500000
f 1132/1132 1131/1131 1130/1130 1129/1129
v 1.375000000 0.539062500 0.640069783
v 1.375000000 0.539062500 0.671319783
v 1.375000000 0.445312500 0.671319783
v 1.375000000 0.445312500 0.640069783
vt 0.914062500 0.164062500
vt 0.906250000 0.164062500
vt 0.906250000 0.187500000
vt 0.914062500 0.187500000
f 1136/1136 1135/1135 1134/1134 1133/1133
v 1.406250000 0.539062500 0.671319783
v 1.375000000 0.539062500 0.671319783
v 1.375000000 0.539062500 0.640069783
v 1.406250000 0.539062500 0.640069783
vt 0.921875000 0.156250000
vt 0.914062500 0.156250000
vt 0.914062500 0.164062500
vt 0.921875000 0.164062500
f 1140/1140 1139/1139 1138/1138 1137/1137
v 1.406250000 0.445312500 0.640069783
v 1.375000000 0.445312500 0.640069783
v 1.375000000 0.445312500 0.671319783
v 1.406250000 0.445312500 0.671319783
vt 0.929687500 0.164062500
vt 0.921875000 0.164062500
vt 0.921875000 0.156250000
vt 0.929687500 0.156250000
f 1144/1144 1143/1143 1142/1142 1141/1141
v 1.406250000 0.539062500 0.640069783
v 1.375000000 0.539062500 0.640069783
v 1.375000000 0.445312500 0.640069783
v 1.406250000 0.445312500 0.640069783
vt 0.921875000 0.164062500
vt 0.914062500 0.164062500
vt 0.914062500 0.187500000
vt 0.921875000 0.187500000
f 1148/1148 1147/1147 1146/1146 1145/1145
v 1.375000000 0.539062500 0.671319783
v 1.406250000 0.539062500 0.671319783
v 1.406250000 0.445312500 0.671319783
v 1.375000000 0.445312500 0.671319783
vt 0.937500000 0.164062500
vt 0.929687500 0.164062500
vt 0.929687500 0.187500000
vt 0.937500000 0.187500000
f 1152/1152 1151/1151 1150/1150 1149/1149
o r3
usemtl gun
v 1.406250000 0.585937500 0.530694783
v 1.406250000 0.585937500 0.468194783
v 1.406250000 0.398437500 0.468194783
v 1.406250000 0.398437500 0.530694783
vt 0.945312500 0.117187500
vt 0.929687500 0.117187500
vt 0.929687500 0.164062500
vt 0.945312500 0.164062500
f 1156/1156 1155/1155 1154/1154 1153/1153
v 1.375000000 0.585937500 0.468194783
v 1.375000000 0.585937500 0.530694783
v 1.375000000 0.398437500 0.530694783
v 1.375000000 0.398437500 0.468194783
vt 0.921875000 0.117187500
vt 0.906250000 0.117187500
vt 0.906250000 0.164062500
vt 0.921875000 0.164062500
f 1160/1160 1159/1159 1158/1158 1157/1157
v 1.406250000 0.585937500 0.530694783
v 1.375000000 0.585937500 0.530694783
v 1.375000000 0.585937500 0.468194783
v 1.406250000 0.585937500 0.468194783
vt 0.929687500 0.101562500
vt 0.921875000 0.101562500
vt 0.921875000 0.117187500
vt 0.929687500 0.117187500
f 1164/1164 1163/1163 1162/1162 1161/1161
v 1.406250000 0.398437500 0.468194783
v 1.375000000 0.398437500 0.468194783
v 1.375000000 0.398437500 0.530694783
v 1.406250000 0.398437500 0.530694783
vt 0.937500000 0.117187500
vt 0.929687500 0.117187500
vt 0.929687500 0.101562500
vt 0.937500000 0.101562500
f 1168/1168 1167/1167 1166/1166 1165/1165
v 1.406250000 0.585937500 0.468194783
v 1.375000000 0.585937500 0.468194783
v 1.375000000 0.398437500 0.468194783
v 1.406250000 0.398437500 0.468194783
vt 0.929687500 0.117187500
vt 0.921875000 0.117187500
vt 0.921875000 0.164062500
vt 0.929687500 0.164062500
f 1172/1172 1171/1171 1170/1170 1169/1169
v 1.375000000 0.585937500 0.530694783
v 1.406250000 0.585937500 0.530694783
v 1.406250000 0.398437500 0.530694783
v 1.375000000 0.398437500 0.530694783
vt 0.953125000 0.117187500
vt 0.945312500 0.117187500
vt 0.945312500 0.164062500
vt 0.953125000 0.164062500
f 1176/1176 1175/1175 1174/1174 1173/1173
o r4
usemtl gun
v 1.406250000 0.539062500 0.483819783
v 1.406250000 0.539062500 0.452569783
v 1.406250000 0.445312500 0.452569783
v 1.406250000 0.445312500 0.483819783
vt 0.929687500 0.164062500
vt 0.921875000 0.164062500
vt 0.921875000 0.187500000
vt 0.929687500 0.187500000
f 1180/1180 1179/1179 1178/1178 1177/1177
v 1.375000000 0.539062500 0.452569783
v 1.375000000 0.539062500 0.483819783
v 1.375000000 0.445312500 0.483819783
v 1.375000000 0.445312500 0.452569783
vt 0.914062500 0.164062500
vt 0.906250000 0.164062500
vt 0.906250000 0.187500000
vt 0.914062500 0.187500000
f 1184/1184 1183/1183 1182/1182 1181/1181
v 1.406250000 0.539062500 0.483819783
v 1.375000000 0.539062500 0.483819783
v 1.375000000 0.539062500 0.452569783
v 1.406250000 0.539062500 0.452569783
vt 0.921875000 0.156250000
vt 0.914062500 0.156250000
vt 0.914062500 0.164062500
vt 0.921875000 0.164062500
f 1188/1188 1187/1187 1186/1186 1185/1185
v 1.406250000 0.445312500 0.452569783
v 1.375000000 0.445312500 0.452569783
v 1.375000000 0.445312500 0.483819783
v 1.406250000 0.445312500 0.483819783
vt 0.929687500 0.164062500
vt 0.921875000 0.164062500
vt 0.921875000 0.156250000
vt 0.929687500 0.156250000
f 1192/1192 1191/1191 1190/1190 1189/1189
v 1.406250000 0.539062500 0.452569783
v 1.375000000 0.539062500 0.452569783
v 1.375000000 0.445312500 0.452569783
v 1.406250000 0.445312500 0.452569783
vt 0.921875000 0.164062500
vt 0.914062500 0.164062500
vt 0.914062500 0.187500000
vt 0.921875000 0.187500000
f 1196/1196 1195/1195 1194/1194 1193/1193
v 1.375000000 0.539062500 0.483819783
v 1.406250000 0.539062500 0.483819783
v 1.406250000 0.445312500 0.483819783
v 1.375000000 0.445312500 0.483819783
vt 0.937500000 0.164062500
vt 0.929687500 0.164062500
vt 0.929687500 0.187500000
vt 0.937500000 0.187500000
f 1200/1200 1199/1199 1198/1198 1197/1197
o r5
usemtl gun
v 1.468750000 0.431780861 0.635322171
v 1.468750000 0.458844156 0.650947168
v 1.468750000 0.474469153 0.623883872
v 1.468750000 0.447405858 0.608258875
vt 0.484375000 0.007812500
vt 0.476562500 0.007812500
vt 0.476562500 0.015625000
vt 0.484375000 0.015625000
f 1204/1204 1203/1203 1202/1202 1201/1201
v 1.093750000 0.458844156 0.650947168
v 1.093750000 0.431780861 0.635322171
v 1.093750000 0.447405858 0.608258875
v 1.093750000 0.474469153 0.623883872
vt 0.382812500 0.007812500
vt 0.375000000 0.007812500
vt 0.375000000 0.015625000
vt 0.382812500 0.015625000
f 1208/1208 1207/1207 1206/1206 1205/1205
v 1.468750000 0.431780861 0.635322171
v 1.093750000 0.431780861 0.635322171
v 1.093750000 0.458844156 0.650947168
v 1.468750000 0.458844156 0.650947168
vt 0.476562500 0.000000000
vt 0.382812500 0.000000000
vt 0.382812500 0.007812500
vt 0.476562500 0.007812500
f 1212/1212 1211/1211 1210/1210 1209/1209
v 1.468750000 0.474469153 0.623883872
v 1.093750000 0.474469153 0.623883872
v 1.093750000 0.447405858 0.608258875
v 1.468750000 0.447405858 0.608258875
vt 0.570312500 0.007812500
vt 0.476562500 0.007812500
vt 0.476562500 0.000000000
vt 0.570312500 0.000000000
f 1216/1216 1215/1215 1214/1214 1213/1213
v 1.468750000 0.458844156 0.650947168
v 1.093750000 0.458844156 0.650947168
v 1.093750000 0.474469153 0.623883872
v 1.468750000 0.474469153 0.623883872
vt 0.476562500 0.007812500
vt 0.382812500 0.007812500
vt 0.382812500 0.015625000
vt 0.476562500 0.015625000
f 1220/1220 1219/1219 1218/1218 1217/1217
v 1.093750000 0.431780861 0.635322171
v 1.468750000 0.431780861 0.635322171
v 1.468750000 0.447405858 0.608258875
v 1.093750000 0.447405858 0.608258875
vt 0.578125000 0.007812500
vt 0.484375000 0.007812500
vt 0.484375000 0.015625000
vt 0.578125000 0.015625000
f 1224/1224 1223/1223 1222/1222 1221/1221
o r6
usemtl gun
v 1.093750000 0.410436714 0.641041320
v 1.093750000 0.464563305 0.672291314
v 1.093750000 0.495813300 0.618164723
v 1.093750000 0.441686709 0.586914729
vt 0.570312500 0.031250000
vt 0.554687500 0.031250000
vt 0.554687500 0.046875000
vt 0.570312500 0.046875000
f 1228/1228 1227/1227 1226/1226 1225/1225
v 0.437500000 0.464563305 0.672291314
v 0.437500000 0.410436714 0.641041320
v 0.437500000 0.441686709 0.586914729
v 0.437500000 0.495813300 0.618164723
vt 0.390625000 0.031250000
vt 0.375000000 0.031250000
vt 0.375000000 0.046875000
vt 0.390625000 0.046875000
f 1232/1232 1231/1231 1230/1230 1229/1229
v 1.093750000 0.410436714 0.641041320
v 0.437500000 0.410436714 0.641041320
v 0.437500000 0.464563305 0.672291314
v 1.093750000 0.464563305 0.672291314
vt 0.554687500 0.015625000
vt 0.390625000 0.015625000
vt 0.390625000 0.031250000
vt 0.554687500 0.031250000
f 1236/1236 1235/1235 1234/1234 1233/1233
v 1.093750000 0.495813300 0.618164723
v 0.437500000 0.495813300 0.618164723
v 0.437500000 0.441686709 0.586914729
v 1.093750000 0.441686709 0.586914729
vt 0.718750000 0.031250000
vt 0.554687500 0.031250000
vt 0.554687500 0.015625000
vt 0.718750000 0.015625000
f 1240/1240 1239/1239 1238/1238 1237/1237
v 1.093750000 0.464563305 0.672291314
v 0.437500000 0.464563305 0.672291314
v 0.437500000 0.495813300 0.618164723
v 1.093750000 0.495813300 0.618164723
vt 0.554687500 0.031250000
vt 0.390625000 0.031250000
vt 0.390625000 0.046875000
vt 0.554687500 0.046875000
f 1244/1244 1243/1243 1242/1242 1241/1241
v 0.437500000 0.410436714 0.641041320
v 1.093750000 0.410436714 0.641041320
v 1.093750000 0.441686709 0.586914729
v 0.437500000 0.441686709 0.586914729
vt 0.734375000 0.031250000
vt 0.570312500 0.031250000
vt 0.570312500 0.046875000
vt 0.734375000 0.046875000
f 1248/1248 1247/1247 1246/1246 1245/1245
o r7
usemtl gun
v 1.468750000 0.552594114 0.488567374
v 1.468750000 0.525530813 0.472942386
v 1.468750000 0.509905825 0.500005687
v 1.468750000 0.536969126 0.515630675
vt 0.484375000 0.007812500
vt 0.476562500 0.007812500
vt 0.476562500 0.015625000
vt 0.484375000 0.015625000
f 1252/1252 1251/1251 1250/1250 1249/1249
v 1.093750000 0.525530813 0.472942386
v 1.093750000 0.552594114 0.488567374
v 1.093750000 0.536969126 0.515630675
v 1.093750000 0.509905825 0.500005687
vt 0.382812500 0.007812500
vt 0.375000000 0.007812500
vt 0.375000000 0.015625000
vt 0.382812500 0.015625000
f 1256/1256 1255/1255 1254/1254 1253/1253
v 1.468750000 0.552594114 0.488567374
v 1.093750000 0.552594114 0.488567374
v 1.093750000 0.525530813 0.472942386
v 1.468750000 0.525530813 0.472942386
vt 0.476562500 0.000000000
vt 0.382812500 0.000000000
vt 0.382812500 0.007812500
vt 0.476562500 0.007812500
f 1260/1260 1259/1259 1258/1258 1257/1257
v 1.468750000 0.509905825 0.500005687
v 1.093750000 0.509905825 0.500005687
v 1.093750000 0.536969126 0.515630675
v 1.468750000 0.536969126 0.515630675
vt 0.570312500 0.007812500
vt 0.476562500 0.007812500
vt 0.476562500 0.000000000
vt 0.570312500 0.000000000
f 1264/1264 1263/1263 1262/1262 1261/1261
v 1.468750000 0.525530813 0.472942386
v 1.093750000 0.525530813 0.472942386
v 1.093750000 0.509905825 0.500005687
v 1.468750000 0.509905825 0.500005687
vt 0.476562500 0.007812500
vt 0.382812500 0.007812500
vt 0.382812500 0.015625000
vt 0.476562500 0.015625000
f 1268/1268 1267/1267 1266/1266 1265/1265
v 1.093750000 0.552594114 0.488567374
v 1.468750000 0.552594114 0.488567374
v 1.468750000 0.536969126 0.515630675
v 1.093750000 0.536969126 0.515630675
vt 0.578125000 0.007812500
vt 0.484375000 0.007812500
vt 0.484375000 0.015625000
vt 0.578125000 0.015625000
f 1272/1272 1271/1271 1270/1270 1269/1269
o r8
usemtl gun
v 1.468750000 0.458844156 0.472942398
v 1.468750000 0.431780861 0.488567395
v 1.468750000 0.447405858 0.515630690
v 1.468750000 0.474469153 0.500005693
vt 0.484375000 0.007812500
vt 0.476562500 0.007812500
vt 0.476562500 0.015625000
vt 0.484375000 0.015625000
f 1276/1276 1275/1275 1274/1274 1273/1273
v 1.093750000 0.431780861 0.488567395
v 1.093750000 0.458844156 0.472942398
v 1.093750000 0.474469153 0.500005693
v 1.093750000 0.447405858 0.515630690
vt 0.382812500 0.007812500
vt 0.375000000 0.007812500
vt 0.375000000 0.015625000
vt 0.382812500 0.015625000
f 1280/1280 1279/1279 1278/1278 1277/1277
v 1.468750000 0.458844156 0.472942398
v 1.093750000 0.458844156 0.472942398
v 1.093750000 0.431780861 0.488567395
v 1.468750000 0.431780861 0.488567395
vt 0.476562500 0.000000000
vt 0.382812500 0.000000000
vt 0.382812500 0.007812500
vt 0.476562500 0.007812500
f 1284/1284 1283/1283 1282/1282 1281/1281
v 1.468750000 0.447405858 0.515630690
v 1.093750000 0.447405858 0.515630690
v 1.093750000 0.474469153 0.500005693
v 1.468750000 0.474469153 0.500005693
vt 0.570312500 0.007812500
vt 0.476562500 0.007812500
vt 0.476562500 0.000000000
vt 0.570312500 0.000000000
f 1288/1288 1287/1287 1286/1286 1285/1285
v 1.468750000 0.431780861 0.488567395
v 1.093750000 0.431780861 0.488567395
v 1.093750000 0.447405858 0.515630690
v 1.468750000 0.447405858 0.515630690
vt 0.476562500 0.007812500
vt 0.382812500 0.007812500
vt 0.382812500 0.015625000
vt 0.476562500 0.015625000
f 1292/1292 1291/1291 1290/1290 1289/1289
v 1.093750000 0.458844156 0.472942398
v 1.468750000 0.458844156 0.472942398
v 1.468750000 0.474469153 0.500005693
v 1.093750000 0.474469153 0.500005693
vt 0.578125000 0.007812500
vt 0.484375000 0.007812500
vt 0.484375000 0.015625000
vt 0.578125000 0.015625000
f 1296/1296 1295/1295 1294/1294 1293/1293
o r9
usemtl gun
v 1.468750000 0.398437495 0.546319815
v 1.468750000 0.398437505 0.577569815
v 1.468750000 0.429687505 0.577569804
v 1.468750000 0.429687495 0.546319804
vt 0.484375000 0.007812500
vt 0.476562500 0.007812500
vt 0.476562500 0.015625000
vt 0.484375000 0.015625000
f 1300/1300 1299/1299 1298/1298 1297/1297
v 1.093750000 0.398437505 0.577569815
v 1.093750000 0.398437495 0.546319815
v 1.093750000 0.429687495 0.546319804
v 1.093750000 0.429687505 0.577569804
vt 0.382812500 0.007812500
vt 0.375000000 0.007812500
vt 0.375000000 0.015625000
vt 0.382812500 0.015625000
f 1304/1304 1303/1303 1302/1302 1301/1301
v 1.468750000 0.398437495 0.546319815
v 1.093750000 0.398437495 0.546319815
v 1.093750000 0.398437505 0.577569815
v 1.468750000 0.398437505 0.577569815
vt 0.476562500 0.000000000
vt 0.382812500 0.000000000
vt 0.382812500 0.007812500
vt 0.476562500 0.007812500
f 1308/1308 1307/1307 1306/1306 1305/1305
v 1.468750000 0.429687505 0.577569804
v 1.093750000 0.429687505 0.577569804
v 1.093750000 0.429687495 0.546319804
v 1.468750000 0.429687495 0.546319804
vt 0.570312500 0.007812500
vt 0.476562500 0.007812500
vt 0.476562500 0.000000000
vt 0.570312500 0.000000000
f 1312/1312 1311/1311 1310/1310 1309/1309
v 1.468750000 0.398437505 0.577569815
v 1.093750000 0.398437505 0.577569815
v 1.093750000 0.429687505 0.577569804
v 1.468750000 0.429687505 0.577569804
vt 0.476562500 0.007812500
vt 0.382812500 0.007812500
vt 0.382812500 0.015625000
vt 0.476562500 0.015625000
f 1316/1316 1315/1315 1314/1314 1313/1313
v 1.093750000 0.398437495 0.546319815
v 1.468750000 0.398437495 0.546319815
v 1.468750000 0.429687495 0.546319804
v 1.093750000 0.429687495 0.546319804
vt 0.578125000 0.007812500
vt 0.484375000 0.007812500
vt 0.484375000 0.015625000
vt 0.578125000 0.015625000
f 1320/1320 1319/1319 1318/1318 1317/1317
o r10
usemtl gun
v 1.468750000 0.525530813 0.650947179
v 1.468750000 0.552594114 0.635322191
v 1.468750000 0.536969126 0.608258891
v 1.468750000 0.509905825 0.623883878
vt 0.484375000 0.007812500
vt 0.476562500 0.007812500
vt 0.476562500 0.015625000
vt 0.484375000 0.015625000
f 1324/1324 1323/1323 1322/1322 1321/1321
v 1.093750000 0.552594114 0.635322191
v 1.093750000 0.525530813 0.650947179
v 1.093750000 0.509905825 0.623883878
v 1.093750000 0.536969126 0.608258891
vt 0.382812500 0.007812500
vt 0.375000000 0.007812500
vt 0.375000000 0.015625000
vt 0.382812500 0.015625000
f 1328/1328 1327/1327 1326/1326 1325/1325
v 1.468750000 0.525530813 0.650947179
v 1.093750000 0.525530813 0.650947179
v 1.093750000 0.552594114 0.635322191
v 1.468750000 0.552594114 0.635322191
vt 0.476562500 0.000000000
vt 0.382812500 0.000000000
vt 0.382812500 0.007812500
vt 0.476562500 0.007812500
f 1332/1332 1331/1331 1330/1330 1329/1329
v 1.468750000 0.536969126 0.608258891
v 1.093750000 0.536969126 0.608258891
v 1.093750000 0.509905825 0.623883878
v 1.468750000 0.509905825 0.623883878
vt 0.570312500 0.007812500
vt 0.476562500 0.007812500
vt 0.476562500 0.000000000
vt 0.570312500 0.000000000
f 1336/1336 1335/1335 1334/1334 1333/1333
v 1.468750000 0.552594114 0.635322191
v 1.093750000 0.552594114 0.635322191
v 1.093750000 0.536969126 0.608258891
v 1.468750000 0.536969126 0.608258891
vt 0.476562500 0.007812500
vt 0.382812500 0.007812500
vt 0.382812500 0.015625000
vt 0.476562500 0.015625000
f 1340/1340 1339/1339 1338/1338 1337/1337
v 1.093750000 0.525530813 0.650947179
v 1.468750000 0.525530813 0.650947179
v 1.468750000 0.509905825 0.623883878
v 1.093750000 0.509905825 0.623883878
vt 0.578125000 0.007812500
vt 0.484375000 0.007812500
vt 0.484375000 0.015625000
vt 0.578125000 0.015625000
f 1344/1344 1343/1343 1342/1342 1341/1341
o r11
usemtl gun
v 0.843750000 0.554687500 0.468194783
v 0.843750000 0.554687500 0.436944783
v 0.843750000 0.429687500 0.436944783
v 0.843750000 0.429687500 0.468194783
vt 0.914062500 0.062500000
vt 0.906250000 0.062500000
vt 0.906250000 0.093750000
vt 0.914062500 0.093750000
f 1348/1348 1347/1347 1346/1346 1345/1345
v 0.812500000 0.554687500 0.436944783
v 0.812500000 0.554687500 0.468194783
v 0.812500000 0.429687500 0.468194783
v 0.812500000 0.429687500 0.436944783
vt 0.898437500 0.062500000
vt 0.890625000 0.062500000
vt 0.890625000 0.093750000
vt 0.898437500 0.093750000
f 1352/1352 1351/1351 1350/1350 1349/1349
v 0.843750000 0.554687500 0.468194783
v 0.812500000 0.554687500 0.468194783
v 0.812500000 0.554687500 0.436944783
v 0.843750000 0.554687500 0.436944783
vt 0.906250000 0.054687500
vt 0.898437500 0.054687500
vt 0.898437500 0.062500000
vt 0.906250000 0.062500000
f 1356/1356 1355/1355 1354/1354 1353/1353
v 0.843750000 0.429687500 0.436944783
v 0.812500000 0.429687500 0.436944783
v 0.812500000 0.429687500 0.468194783
v 0.843750000 0.429687500 0.468194783
vt 0.914062500 0.062500000
vt 0.906250000 0.062500000
vt 0.906250000 0.054687500
vt 0.914062500 0.054687500
f 1360/1360 1359/1359 1358/1358 1357/1357
v 0.843750000 0.554687500 0.436944783
v 0.812500000 0.554687500 0.436944783
v 0.812500000 0.429687500 0.436944783
v 0.843750000 0.429687500 0.436944783
vt 0.906250000 0.062500000
vt 0.898437500 0.062500000
vt 0.898437500 0.093750000
vt 0.906250000 0.093750000
f 1364/1364 1363/1363 1362/1362 1361/1361
v 0.812500000 0.554687500 0.468194783
v 0.843750000 0.554687500 0.468194783
v 0.843750000 0.429687500 0.468194783
v 0.812500000 0.429687500 0.468194783
vt 0.921875000 0.062500000
vt 0.914062500 0.062500000
vt 0.914062500 0.093750000
vt 0.921875000 0.093750000
f 1368/1368 1367/1367 1366/1366 1365/1365
o r12
usemtl gun
v 0.843750000 0.585937500 0.499444783
v 0.843750000 0.585937500 0.468194783
v 0.843750000 0.398437500 0.468194783
v 0.843750000 0.398437500 0.499444783
vt 0.914062500 0.007812500
vt 0.906250000 0.007812500
vt 0.906250000 0.054687500
vt 0.914062500 0.054687500
f 1372/1372 1371/1371 1370/1370 1369/1369
v 0.812500000 0.585937500 0.468194783
v 0.812500000 0.585937500 0.499444783
v 0.812500000 0.398437500 0.499444783
v 0.812500000 0.398437500 0.468194783
vt 0.898437500 0.007812500
vt 0.890625000 0.007812500
vt 0.890625000 0.054687500
vt 0.898437500 0.054687500
f 1376/1376 1375/1375 1374/1374 1373/1373
v 0.843750000 0.585937500 0.499444783
v 0.812500000 0.585937500 0.499444783
v 0.812500000 0.585937500 0.468194783
v 0.843750000 0.585937500 0.468194783
vt 0.906250000 0.000000000
vt 0.898437500 0.000000000
vt 0.898437500 0.007812500
vt 0.906250000 0.007812500
f 1380/1380 1379/1379 1378/1378 1377/1377
v 0.843750000 0.398437500 0.468194783
v 0.812500000 0.398437500 0.468194783
v 0.812500000 0.398437500 0.499444783
v 0.843750000 0.398437500 0.499444783
vt 0.914062500 0.007812500
vt 0.906250000 0.007812500
vt 0.906250000 0.000000000
vt 0.914062500 0.000000000
f 1384/1384 1383/1383 1382/1382 1381/1381
v 0.843750000 0.585937500 0.468194783
v 0.812500000 0.585937500 0.468194783
v 0.812500000 0.398437500 0.468194783
v 0.843750000 0.398437500 0.468194783
vt 0.906250000 0.007812500
vt 0.898437500 0.007812500
vt 0.898437500 0.054687500
vt 0.906250000 0.054687500
f 1388/1388 1387/1387 1386/1386 1385/1385
v 0.812500000 0.585937500 0.499444783
v 0.843750000 0.585937500 0.499444783
v 0.843750000 0.398437500 0.499444783
v 0.812500000 0.398437500 0.499444783
vt 0.921875000 0.007812500
vt 0.914062500 0.007812500
vt 0.914062500 0.054687500
vt 0.921875000 0.054687500
f 1392/1392 1391/1391 1390/1390 1389/1389
o r13
usemtl gun
v 0.843750000 0.617187500 0.624444783
v 0.843750000 0.617187500 0.499444783
v 0.843750000 0.367187500 0.499444783
v 0.843750000 0.367187500 0.624444783
vt 0.835937500 0.031250000
vt 0.804687500 0.031250000
vt 0.804687500 0.093750000
vt 0.835937500 0.093750000
f 1396/1396 1395/1395 1394/1394 1393/1393
v 0.812500000 0.617187500 0.499444783
v 0.812500000 0.617187500 0.624444783
v 0.812500000 0.367187500 0.624444783
v 0.812500000 0.367187500 0.499444783
vt 0.796875000 0.031250000
vt 0.765625000 0.031250000
vt 0.765625000 0.093750000
vt 0.796875000 0.093750000
f 1400/1400 1399/1399 1398/1398 1397/1397
v 0.843750000 0.617187500 0.624444783
v 0.812500000 0.617187500 0.624444783
v 0.812500000 0.617187500 0.499444783
v 0.843750000 0.617187500 0.499444783
vt 0.804687500 0.000000000
vt 0.796875000 0.000000000
vt 0.796875000 0.031250000
vt 0.804687500 0.031250000
f 1404/1404 1403/1403 1402/1402 1401/1401
v 0.843750000 0.367187500 0.499444783
v 0.812500000 0.367187500 0.499444783
v 0.812500000 0.367187500 0.624444783
v 0.843750000 0.367187500 0.624444783
vt 0.812500000 0.031250000
vt 0.804687500 0.031250000
vt 0.804687500 0.000000000
vt 0.812500000 0.000000000
f 1408/1408 1407/1407 1406/1406 1405/1405
v 0.843750000 0.617187500 0.499444783
v 0.812500000 0.617187500 0.499444783
v 0.812500000 0.367187500 0.499444783
v 0.843750000 0.367187500 0.499444783
vt 0.804687500 0.031250000
vt 0.796875000 0.031250000
vt 0.796875000 0.093750000
vt 0.804687500 0.093750000
f 1412/1412 1411/1411 1410/1410 1409/1409
v 0.812500000 0.617187500 0.624444783
v 0.843750000 0.617187500 0.624444783
v 0.843750000 0.367187500 0.624444783
v 0.812500000 0.367187500 0.624444783
vt 0.843750000 0.031250000
vt 0.835937500 0.031250000
vt 0.835937500 0.093750000
vt 0.843750000 0.093750000
f 1416/1416 1415/1415 1414/1414 1413/1413
o r14
usemtl gun
v 0.843750000 0.585937500 0.655694783
v 0.843750000 0.585937500 0.624444783
v 0.843750000 0.398437500 0.624444783
v 0.843750000 0.398437500 0.655694783
vt 0.757812500 0.007812500
vt 0.750000000 0.007812500
vt 0.750000000 0.054687500
vt 0.757812500 0.054687500
f 1420/1420 1419/1419 1418/1418 1417/1417
v 0.812500000 0.585937500 0.624444783
v 0.812500000 0.585937500 0.655694783
v 0.812500000 0.398437500 0.655694783
v 0.812500000 0.398437500 0.624444783
vt 0.742187500 0.007812500
vt 0.734375000 0.007812500
vt 0.734375000 0.054687500
vt 0.742187500 0.054687500
f 1424/1424 1423/1423 1422/1422 1421/1421
v 0.843750000 0.585937500 0.655694783
v 0.812500000 0.585937500 0.655694783
v 0.812500000 0.585937500 0.624444783
v 0.843750000 0.585937500 0.624444783
vt 0.750000000 0.000000000
vt 0.742187500 0.000000000
vt 0.742187500 0.007812500
vt 0.750000000 0.007812500
f 1428/1428 1427/1427 1426/1426 1425/1425
v 0.843750000 0.398437500 0.624444783
v 0.812500000 0.398437500 0.624444783
v 0.812500000 0.398437500 0.655694783
v 0.843750000 0.398437500 0.655694783
vt 0.757812500 0.007812500
vt 0.750000000 0.007812500
vt 0.750000000 0.000000000
vt 0.757812500 0.000000000
f 1432/1432 1431/1431 1430/1430 1429/1429
v 0.843750000 0.585937500 0.624444783
v 0.812500000 0.585937500 0.624444783
v 0.812500000 0.398437500 0.624444783
v 0.843750000 0.398437500 0.624444783
vt 0.750000000 0.007812500
vt 0.742187500 0.007812500
vt 0.742187500 0.054687500
vt 0.750000000 0.054687500
f 1436/1436 1435/1435 1434/1434 1433/1433
v 0.812500000 0.585937500 0.655694783
v 0.843750000 0.585937500 0.655694783
v 0.843750000 0.398437500 0.655694783
v 0.812500000 0.398437500 0.655694783
vt 0.765625000 0.007812500
vt 0.757812500 0.007812500
vt 0.757812500 0.054687500
vt 0.765625000 0.054687500
f 1440/1440 1439/1439 1438/1438 1437/1437
o r15
usemtl gun
v 0.843750000 0.554687500 0.686944783
v 0.843750000 0.554687500 0.655694783
v 0.843750000 0.429687500 0.655694783
v 0.843750000 0.429687500 0.686944783
vt 0.757812500 0.062500000
vt 0.750000000 0.062500000
vt 0.750000000 0.093750000
vt 0.757812500 0.093750000
f 1444/1444 1443/1443 1442/1442 1441/1441
v 0.812500000 0.554687500 0.655694783
v 0.812500000 0.554687500 0.686944783
v 0.812500000 0.429687500 0.686944783
v 0.812500000 0.429687500 0.655694783
vt 0.742187500 0.062500000
vt 0.734375000 0.062500000
vt 0.734375000 0.093750000
vt 0.742187500 0.093750000
f 1448/1448 1447/1447 1446/1446 1445/1445
v 0.843750000 0.554687500 0.686944783
v 0.812500000 0.554687500 0.686944783
v 0.812500000 0.554687500 0.655694783
v 0.843750000 0.554687500 0.655694783
vt 0.750000000 0.054687500
vt 0.742187500 0.054687500
vt 0.742187500 0.062500000
vt 0.750000000 0.062500000
f 1452/1452 1451/1451 1450/1450 1449/1449
v 0.843750000 0.429687500 0.655694783
v 0.812500000 0.429687500 0.655694783
v 0.812500000 0.429687500 0.686944783
v 0.843750000 0.429687500 0.686944783
vt 0.757812500 0.062500000
vt 0.750000000 0.062500000
vt 0.750000000 0.054687500
vt 0.757812500 0.054687500
f 1456/1456 1455/1455 1454/1454 1453/1453
v 0.843750000 0.554687500 0.655694783
v 0.812500000 0.554687500 0.655694783
v 0.812500000 0.429687500 0.655694783
v 0.843750000 0.429687500 0.655694783
vt 0.750000000 0.062500000
vt 0.742187500 0.062500000
vt 0.742187500 0.093750000
vt 0.750000000 0.093750000
f 1460/1460 1459/1459 1458/1458 1457/1457
v 0.812500000 0.554687500 0.686944783
v 0.843750000 0.554687500 0.686944783
v 0.843750000 0.429687500 0.686944783
v 0.812500000 0.429687500 0.686944783
vt 0.765625000 0.062500000
vt 0.757812500 0.062500000
vt 0.757812500 0.093750000
vt 0.765625000 0.093750000
f 1464/1464 1463/1463 1462/1462 1461/1461
o r16
usemtl gun
v 1.468750000 0.585937500 0.577569783
v 1.468750000 0.585937500 0.546319783
v 1.468750000 0.554687500 0.546319783
v 1.468750000 0.554687500 0.577569783
vt 0.484375000 0.007812500
vt 0.476562500 0.007812500
vt 0.476562500 0.015625000
vt 0.484375000 0.015625000
f 1468/1468 1467/1467 1466/1466 1465/1465
v 1.093750000 0.585937500 0.546319783
v 1.093750000 0.585937500 0.577569783
v 1.093750000 0.554687500 0.577569783
v 1.093750000 0.554687500 0.546319783
vt 0.382812500 0.007812500
vt 0.375000000 0.007812500
vt 0.375000000 0.015625000
vt 0.382812500 0.015625000
f 1472/1472 1471/1471 1470/1470 1469/1469
v 1.468750000 0.585937500 0.577569783
v 1.093750000 0.585937500 0.577569783
v 1.093750000 0.585937500 0.546319783
v 1.468750000 0.585937500 0.546319783
vt 0.476562500 0.000000000
vt 0.382812500 0.000000000
vt 0.382812500 0.007812500
vt 0.476562500 0.007812500
f 1476/1476 1475/1475 1474/1474 1473/1473
v 1.468750000 0.554687500 0.546319783
v 1.093750000 0.554687500 0.546319783
v 1.093750000 0.554687500 0.577569783
v 1.468750000 0.554687500 0.577569783
vt 0.570312500 0.007812500
vt 0.476562500 0.007812500
vt 0.476562500 0.000000000
vt 0.570312500 0.000000000
f 1480/1480 1479/1479 1478/1478 1477/1477
v 1.468750000 0.585937500 0.546319783
v 1.093750000 0.585937500 0.546319783
v 1.093750000 0.554687500 0.546319783
v 1.468750000 0.554687500 0.546319783
vt 0.476562500 0.007812500
vt 0.382812500 0.007812500
vt 0.382812500 0.015625000
vt 0.476562500 0.015625000
f 1484/1484 1483/1483 1482/1482 1481/1481
v 1.093750000 0.585937500 0.577569783
v 1.468750000 0.585937500 0.577569783
v 1.468750000 0.554687500 0.577569783
v 1.093750000 0.554687500 0.577569783
vt 0.578125000 0.007812500
vt 0.484375000 0.007812500
vt 0.484375000 0.015625000
vt 0.578125000 0.015625000
f 1488/1488 1487/1487 1486/1486 1485/1485
o r17
usemtl gun
v 1.093750000 0.601562500 0.593194783
v 1.093750000 0.601562500 0.530694783
v 1.093750000 0.539062500 0.530694783
v 1.093750000 0.539062500 0.593194783
vt 0.570312500 0.031250000
vt 0.554687500 0.031250000
vt 0.554687500 0.046875000
vt 0.570312500 0.046875000
f 1492/1492 1491/1491 1490/1490 1489/1489
v 0.437500000 0.601562500 0.530694783
v 0.437500000 0.601562500 0.593194783
v 0.437500000 0.539062500 0.593194783
v 0.437500000 0.539062500 0.530694783
vt 0.390625000 0.031250000
vt 0.375000000 0.031250000
vt 0.375000000 0.046875000
vt 0.390625000 0.046875000
f 1496/1496 1495/1495 1494/1494 1493/1493
v 1.093750000 0.601562500 0.593194783
v 0.437500000 0.601562500 0.593194783
v 0.437500000 0.601562500 0.530694783
v 1.093750000 0.601562500 0.530694783
vt 0.554687500 0.015625000
vt 0.390625000 0.015625000
vt 0.390625000 0.031250000
vt 0.554687500 0.031250000
f 1500/1500 1499/1499 1498/1498 1497/1497
v 1.093750000 0.539062500 0.530694783
v 0.437500000 0.539062500 0.530694783
v 0.437500000 0.539062500 0.593194783
v 1.093750000 0.539062500 0.593194783
vt 0.718750000 0.031250000
vt 0.554687500 0.031250000
vt 0.554687500 0.015625000
vt 0.718750000 0.015625000
f 1504/1504 1503/1503 1502/1502 1501/1501
v 1.093750000 0.601562500 0.530694783
v 0.437500000 0.601562500 0.530694783
v 0.437500000 0.539062500 0.530694783
v 1.093750000 0.539062500 0.530694783
vt 0.554687500 0.031250000
vt 0.390625000 0.031250000
vt 0.390625000 0.046875000
vt 0.554687500 0.046875000
f 1508/1508 1507/1507 1506/1506 1505/1505
v 0.437500000 0.601562500 0.593194783
v 1.093750000 0.601562500 0.593194783
v 1.093750000 0.539062500 0.593194783
v 0.437500000 0.539062500 0.593194783
vt 0.734375000 0.031250000
vt 0.570312500 0.031250000
vt 0.570312500 0.046875000
vt 0.734375000 0.046875000
f 1512/1512 1511/1511 1510/1510 1509/1509
o r18
usemtl gun
v 1.093750000 0.573938258 0.482848217
v 1.093750000 0.519811657 0.451598242
v 1.093750000 0.488561681 0.505724844
v 1.093750000 0.542688283 0.536974819
vt 0.570312500 0.031250000
vt 0.554687500 0.031250000
vt 0.554687500 0.046875000
vt 0.570312500 0.046875000
f 1516/1516 1515/1515 1514/1514 1513/1513
v 0.437500000 0.519811657 0.451598242
v 0.437500000 0.573938258 0.482848217
v 0.437500000 0.542688283 0.536974819
v 0.437500000 0.488561681 0.505724844
vt 0.390625000 0.031250000
vt 0.375000000 0.031250000
vt 0.375000000 0.046875000
vt 0.390625000 0.046875000
f 1520/1520 1519/1519 1518/1518 1517/1517
v 1.093750000 0.573938258 0.482848217
v 0.437500000 0.573938258 0.482848217
v 0.437500000 0.519811657 0.451598242
v 1.093750000 0.519811657 0.451598242
vt 0.554687500 0.015625000
vt 0.390625000 0.015625000
vt 0.390625000 0.031250000
vt 0.554687500 0.031250000
f 1524/1524 1523/1523 1522/1522 1521/1521
v 1.093750000 0.488561681 0.505724844
v 0.437500000 0.488561681 0.505724844
v 0.437500000 0.542688283 0.536974819
v 1.093750000 0.542688283 0.536974819
vt 0.718750000 0.031250000
vt 0.554687500 0.031250000
vt 0.554687500 0.015625000
vt 0.718750000 0.015625000
f 1528/1528 1527/1527 1526/1526 1525/1525
v 1.093750000 0.519811657 0.451598242
v 0.437500000 0.519811657 0.451598242
v 0.437500000 0.488561681 0.505724844
v 1.093750000 0.488561681 0.505724844
vt 0.554687500 0.031250000
vt 0.390625000 0.031250000
vt 0.390625000 0.046875000
vt 0.554687500 0.046875000
f 1532/1532 1531/1531 1530/1530 1529/1529
v 0.437500000 0.573938258 0.482848217
v 1.093750000 0.573938258 0.482848217
v 1.093750000 0.542688283 0.536974819
v 0.437500000 0.542688283 0.536974819
vt 0.734375000 0.031250000
vt 0.570312500 0.031250000
vt 0.570312500 0.046875000
vt 0.734375000 0.046875000
f 1536/1536 1535/1535 1534/1534 1533/1533
o r19
usemtl gun
v 1.093750000 0.464563305 0.451598251
v 1.093750000 0.410436714 0.482848246
v 1.093750000 0.441686709 0.536974837
v 1.093750000 0.495813300 0.505724842
vt 0.570312500 0.031250000
vt 0.554687500 0.031250000
vt 0.554687500 0.046875000
vt 0.570312500 0.046875000
f 1540/1540 1539/1539 1538/1538 1537/1537
v 0.437500000 0.410436714 0.482848246
v 0.437500000 0.464563305 0.451598251
v 0.437500000 0.495813300 0.505724842
v 0.437500000 0.441686709 0.536974837
vt 0.390625000 0.031250000
vt 0.375000000 0.031250000
vt 0.375000000 0.046875000
vt 0.390625000 0.046875000
f 1544/1544 1543/1543 1542/1542 1541/1541
v 1.093750000 0.464563305 0.451598251
v 0.437500000 0.464563305 0.451598251
v 0.437500000 0.410436714 0.482848246
v 1.093750000 0.410436714 0.482848246
vt 0.554687500 0.015625000
vt 0.390625000 0.015625000
vt 0.390625000 0.031250000
vt 0.554687500 0.031250000
f 1548/1548 1547/1547 1546/1546 1545/1545
v 1.093750000 0.441686709 0.536974837
v 0.437500000 0.441686709 0.536974837
v 0.437500000 0.495813300 0.505724842
v 1.093750000 0.495813300 0.505724842
vt 0.718750000 0.031250000
vt 0.554687500 0.031250000
vt 0.554687500 0.015625000
vt 0.718750000 0.015625000
f 1552/1552 1551/1551 1550/1550 1549/1549
v 1.093750000 0.410436714 0.482848246
v 0.437500000 0.410436714 0.482848246
v 0.437500000 0.441686709 0.536974837
v 1.093750000 0.441686709 0.536974837
vt 0.554687500 0.031250000
vt 0.390625000 0.031250000
vt 0.390625000 0.046875000
vt 0.554687500 0.046875000
f 1556/1556 1555/1555 1554/1554 1553/1553
v 0.437500000 0.464563305 0.451598251
v 1.093750000 0.464563305 0.451598251
v 1.093750000 0.495813300 0.505724842
v 0.437500000 0.495813300 0.505724842
vt 0.734375000 0.031250000
vt 0.570312500 0.031250000
vt 0.570312500 0.046875000
vt 0.734375000 0.046875000
f 1560/1560 1559/1559 1558/1558 1557/1557
o r20
usemtl gun
v 1.093750000 0.382812489 0.530694821
v 1.093750000 0.382812511 0.593194821
v 1.093750000 0.445312511 0.593194799
v 1.093750000 0.445312489 0.530694799
vt 0.570312500 0.031250000
vt 0.554687500 0.031250000
vt 0.554687500 0.046875000
vt 0.570312500 0.046875000
f 1564/1564 1563/1563 1562/1562 1561/1561
v 0.437500000 0.382812511 0.593194821
v 0.437500000 0.382812489 0.530694821
v 0.437500000 0.445312489 0.530694799
v 0.437500000 0.445312511 0.593194799
vt 0.390625000 0.031250000
vt 0.375000000 0.031250000
vt 0.375000000 0.046875000
vt 0.390625000 0.046875000
f 1568/1568 1567/1567 1566/1566 1565/1565
v 1.093750000 0.382812489 0.530694821
v 0.437500000 0.382812489 0.530694821
v 0.437500000 0.382812511 0.593194821
v 1.093750000 0.382812511 0.593194821
vt 0.554687500 0.015625000
vt 0.390625000 0.015625000
vt 0.390625000 0.031250000
vt 0.554687500 0.031250000
f 1572/1572 1571/1571 1570/1570 1569/1569
v 1.093750000 0.445312511 0.593194799
v 0.437500000 0.445312511 0.593194799
v 0.437500000 0.445312489 0.530694799
v 1.093750000 0.445312489 0.530694799
vt 0.718750000 0.031250000
vt 0.554687500 0.031250000
vt 0.554687500 0.015625000
vt 0.718750000 0.015625000
f 1576/1576 1575/1575 1574/1574 1573/1573
v 1.093750000 0.382812511 0.593194821
v 0.437500000 0.382812511 0.593194821
v 0.437500000 0.445312511 0.593194799
v 1.093750000 0.445312511 0.593194799
vt 0.554687500 0.031250000
vt 0.390625000 0.031250000
vt 0.390625000 0.046875000
vt 0.554687500 0.046875000
f 1580/1580 1579/1579 1578/1578 1577/1577
v 0.437500000 0.382812489 0.530694821
v 1.093750000 0.382812489 0.530694821
v 1.093750000 0.445312489 0.530694799
v 0.437500000 0.445312489 0.530694799
vt 0.734375000 0.031250000
vt 0.570312500 0.031250000
vt 0.570312500 0.046875000
vt 0.734375000 0.046875000
f 1584/1584 1583/1583 1582/1582 1581/1581
o r21
usemtl gun
v 1.093750000 0.519811657 0.672291324
v 1.093750000 0.573938258 0.641041348
v 1.093750000 0.542688283 0.586914746
v 1.093750000 0.488561681 0.618164722
vt 0.570312500 0.031250000
vt 0.554687500 0.031250000
vt 0.554687500 0.046875000
vt 0.570312500 0.046875000
f 1588/1588 1587/1587 1586/1586 1585/1585
v 0.437500000 0.573938258 0.641041348
v 0.437500000 0.519811657 0.672291324
v 0.437500000 0.488561681 0.618164722
v 0.437500000 0.542688283 0.586914746
vt 0.390625000 0.031250000
vt 0.375000000 0.031250000
vt 0.375000000 0.046875000
vt 0.390625000 0.046875000
f 1592/1592 1591/1591 1590/1590 1589/1589
v 1.093750000 0.519811657 0.672291324
v 0.437500000 0.519811657 0.672291324
v 0.437500000 0.573938258 0.641041348
v 1.093750000 0.573938258 0.641041348
vt 0.554687500 0.015625000
vt 0.390625000 0.015625000
vt 0.390625000 0.031250000
vt 0.554687500 0.031250000
f 1596/1596 1595/1595 1594/1594 1593/1593
v 1.093750000 0.542688283 0.586914746
v 0.437500000 0.542688283 0.586914746
v 0.437500000 0.488561681 0.618164722
v 1.093750000 0.488561681 0.618164722
vt 0.718750000 0.031250000
vt 0.554687500 0.031250000
vt 0.554687500 0.015625000
vt 0.718750000 0.015625000
f 1600/1600 1599/1599 1598/1598 1597/1597
v 1.093750000 0.573938258 0.641041348
v 0.437500000 0.573938258 0.641041348
v 0.437500000 0.542688283 0.586914746
v 1.093750000 0.542688283 0.586914746
vt 0.554687500 0.031250000
vt 0.390625000 0.031250000
vt 0.390625000 0.046875000
vt 0.554687500 0.046875000
f 1604/1604 1603/1603 1602/1602 1601/1601
v 0.437500000 0.519811657 0.672291324
v 1.093750000 0.519811657 0.672291324
v 1.093750000 0.488561681 0.618164722
v 0.437500000 0.488561681 0.618164722
vt 0.734375000 0.031250000
vt 0.570312500 0.031250000
vt 0.570312500 0.046875000
vt 0.734375000 0.046875000
f 1608/1608 1607/1607 1606/1606 1605/1605
o r22
usemtl gun
v 0.437500000 0.585937500 0.655694783
v 0.437500000 0.585937500 0.624444783
v 0.437500000 0.398437500 0.624444783
v 0.437500000 0.398437500 0.655694783
vt 0.882812500 0.007812500
vt 0.875000000 0.007812500
vt 0.875000000 0.054687500
vt 0.882812500 0.054687500
f 1612/1612 1611/1611 1610/1610 1609/1609
v 0.375000000 0.585937500 0.624444783
v 0.375000000 0.585937500 0.655694783
v 0.375000000 0.398437500 0.655694783
v 0.375000000 0.398437500 0.624444783
vt 0.859375000 0.007812500
vt 0.851562500 0.007812500
vt 0.851562500 0.054687500
vt 0.859375000 0.054687500
f 1616/1616 1615/1615 1614/1614 1613/1613
v 0.437500000 0.585937500 0.655694783
v 0.375000000 0.585937500 0.655694783
v 0.375000000 0.585937500 0.624444783
v 0.437500000 0.585937500 0.624444783
vt 0.875000000 0.000000000
vt 0.859375000 0.000000000
vt 0.859375000 0.007812500
vt 0.875000000 0.007812500
f 1620/1620 1619/1619 1618/1618 1617/1617
v 0.437500000 0.398437500 0.624444783
v 0.375000000 0.398437500 0.624444783
v 0.375000000 0.398437500 0.655694783
v 0.437500000 0.398437500 0.655694783
vt 0.890625000 0.007812500
vt 0.875000000 0.007812500
vt 0.875000000 0.000000000
vt 0.890625000 0.000000000
f 1624/1624 1623/1623 1622/1622 1621/1621
v 0.437500000 0.585937500 0.624444783
v 0.375000000 0.585937500 0.624444783
v 0.375000000 0.398437500 0.624444783
v 0.437500000 0.398437500 0.624444783
vt 0.875000000 0.007812500
vt 0.859375000 0.007812500
vt 0.859375000 0.054687500
vt 0.875000000 0.054687500
f 1628/1628 1627/1627 1626/1626 1625/1625
v 0.375000000 0.585937500 0.655694783
v 0.437500000 0.585937500 0.655694783
v 0.437500000 0.398437500 0.655694783
v 0.375000000 0.398437500 0.655694783
vt 0.898437500 0.007812500
vt 0.882812500 0.007812500
vt 0.882812500 0.054687500
vt 0.898437500 0.054687500
f 1632/1632 1631/1631 1630/1630 1629/1629
o r23
usemtl gun
v 0.437500000 0.617187500 0.624444783
v 0.437500000 0.617187500 0.499444783
v 0.437500000 0.367187500 0.499444783
v 0.437500000 0.367187500 0.624444783
vt 0.960937500 0.031250000
vt 0.929687500 0.031250000
vt 0.929687500 0.093750000
vt 0.960937500 0.093750000
f 1636/1636 1635/1635 1634/1634 1633/1633
v 0.375000000 0.617187500 0.499444783
v 0.375000000 0.617187500 0.624444783
v 0.375000000 0.367187500 0.624444783
v 0.375000000 0.367187500 0.499444783
vt 0.914062500 0.031250000
vt 0.882812500 0.031250000
vt 0.882812500 0.093750000
vt 0.914062500 0.093750000
f 1640/1640 1639/1639 1638/1638 1637/1637
v 0.437500000 0.617187500 0.624444783
v 0.375000000 0.617187500 0.624444783
v 0.375000000 0.617187500 0.499444783
v 0.437500000 0.617187500 0.499444783
vt 0.929687500 0.000000000
vt 0.914062500 0.000000000
vt 0.914062500 0.031250000
vt 0.929687500 0.031250000
f 1644/1644 1643/1643 1642/1642 1641/1641
v 0.437500000 0.367187500 0.499444783
v 0.375000000 0.367187500 0.499444783
v 0.375000000 0.367187500 0.624444783
v 0.437500000 0.367187500 0.624444783
vt 0.945312500 0.031250000
vt 0.929687500 0.031250000
vt 0.929687500 0.000000000
vt 0.945312500 0.000000000
f 1648/1648 1647/1647 1646/1646 1645/1645
v 0.437500000 0.617187500 0.499444783
v 0.375000000 0.617187500 0.499444783
v 0.375000000 0.367187500 0.499444783
v 0.437500000 0.367187500 0.499444783
vt 0.929687500 0.031250000
vt 0.914062500 0.031250000
vt 0.914062500 0.093750000
vt 0.929687500 0.093750000
f 1652/1652 1651/1651 1650/1650 1649/1649
v 0.375000000 0.617187500 0.624444783
v 0.437500000 0.617187500 0.624444783
v 0.437500000 0.367187500 0.624444783
v 0.375000000 0.367187500 0.624444783
vt 0.976562500 0.031250000
vt 0.960937500 0.031250000
vt 0.960937500 0.093750000
vt 0.976562500 0.093750000
f 1656/1656 1655/1655 1654/1654 1653/1653
o r24
usemtl gun
v 0.437500000 0.554687500 0.686944783
v 0.437500000 0.554687500 0.655694783
v 0.437500000 0.429687500 0.655694783
v 0.437500000 0.429687500 0.686944783
vt 0.882812500 0.062500000
vt 0.875000000 0.062500000
vt 0.875000000 0.093750000
vt 0.882812500 0.093750000
f 1660/1660 1659/1659 1658/1658 1657/1657
v 0.375000000 0.554687500 0.655694783
v 0.375000000 0.554687500 0.686944783
v 0.375000000 0.429687500 0.686944783
v 0.375000000 0.429687500 0.655694783
vt 0.859375000 0.062500000
vt 0.851562500 0.062500000
vt 0.851562500 0.093750000
vt 0.859375000 0.093750000
f 1664/1664 1663/1663 1662/1662 1661/1661
v 0.437500000 0.554687500 0.686944783
v 0.375000000 0.554687500 0.686944783
v 0.375000000 0.554687500 0.655694783
v 0.437500000 0.554687500 0.655694783
vt 0.875000000 0.054687500
vt 0.859375000 0.054687500
vt 0.859375000 0.062500000
vt 0.875000000 0.062500000
f 1668/1668 1667/1667 1666/1666 1665/1665
v 0.437500000 0.429687500 0.655694783
v 0.375000000 0.429687500 0.655694783
v 0.375000000 0.429687500 0.686944783
v 0.437500000 0.429687500 0.686944783
vt 0.890625000 0.062500000
vt 0.875000000 0.062500000
vt 0.875000000 0.054687500
vt 0.890625000 0.054687500
f 1672/1672 1671/1671 1670/1670 1669/1669
v 0.437500000 0.554687500 0.655694783
v 0.375000000 0.554687500 0.655694783
v 0.375000000 0.429687500 0.655694783
v 0.437500000 0.429687500 0.655694783
vt 0.875000000 0.062500000
vt 0.859375000 0.062500000
vt 0.859375000 0.093750000
vt 0.875000000 0.093750000
f 1676/1676 1675/1675 1674/1674 1673/1673
v 0.375000000 0.554687500 0.686944783
v 0.437500000 0.554687500 0.686944783
v 0.437500000 0.429687500 0.686944783
v 0.375000000 0.429687500 0.686944783
vt 0.898437500 0.062500000
vt 0.882812500 0.062500000
vt 0.882812500 0.093750000
vt 0.898437500 0.093750000
f 1680/1680 1679/1679 1678/1678 1677/1677
o r25
usemtl gun
v 0.437500000 0.585937500 0.499444783
v 0.437500000 0.585937500 0.468194783
v 0.437500000 0.398437500 0.468194783
v 0.437500000 0.398437500 0.499444783
vt 0.882812500 0.007812500
vt 0.875000000 0.007812500
vt 0.875000000 0.054687500
vt 0.882812500 0.054687500
f 1684/1684 1683/1683 1682/1682 1681/1681
v 0.375000000 0.585937500 0.468194783
v 0.375000000 0.585937500 0.499444783
v 0.375000000 0.398437500 0.499444783
v 0.375000000 0.398437500 0.468194783
vt 0.859375000 0.007812500
vt 0.851562500 0.007812500
vt 0.851562500 0.054687500
vt 0.859375000 0.054687500
f 1688/1688 1687/1687 1686/1686 1685/1685
v 0.437500000 0.585937500 0.499444783
v 0.375000000 0.585937500 0.499444783
v 0.375000000 0.585937500 0.468194783
v 0.437500000 0.585937500 0.468194783
vt 0.875000000 0.000000000
vt 0.859375000 0.000000000
vt 0.859375000 0.007812500
vt 0.875000000 0.007812500
f 1692/1692 1691/1691 1690/1690 1689/1689
v 0.437500000 0.398437500 0.468194783
v 0.375000000 0.398437500 0.468194783
v 0.375000000 0.398437500 0.499444783
v 0.437500000 0.398437500 0.499444783
vt 0.890625000 0.007812500
vt 0.875000000 0.007812500
vt 0.875000000 0.000000000
vt 0.890625000 0.000000000
f 1696/1696 1695/1695 1694/1694 1693/1693
v 0.437500000 0.585937500 0.468194783
v 0.375000000 0.585937500 0.468194783
v 0.375000000 0.398437500 0.468194783
v 0.437500000 0.398437500 0.468194783
vt 0.875000000 0.007812500
vt 0.859375000 0.007812500
vt 0.859375000 0.054687500
vt 0.875000000 0.054687500
f 1700/1700 1699/1699 1698/1698 1697/1697
v 0.375000000 0.585937500 0.499444783
v 0.437500000 0.585937500 0.499444783
v 0.437500000 0.398437500 0.499444783
v 0.375000000 0.398437500 0.499444783
vt 0.898437500 0.007812500
vt 0.882812500 0.007812500
vt 0.882812500 0.054687500
vt 0.898437500 0.054687500
f 1704/1704 1703/1703 1702/1702 1701/1701
o r26
usemtl gun
v 0.437500000 0.554687500 0.468194783
v 0.437500000 0.554687500 0.436944783
v 0.437500000 0.429687500 0.436944783
v 0.437500000 0.429687500 0.468194783
vt 0.882812500 0.062500000
vt 0.875000000 0.062500000
vt 0.875000000 0.093750000
vt 0.882812500 0.093750000
f 1708/1708 1707/1707 1706/1706 1705/1705
v 0.375000000 0.554687500 0.436944783
v 0.375000000 0.554687500 0.468194783
v 0.375000000 0.429687500 0.468194783
v 0.375000000 0.429687500 0.436944783
vt 0.859375000 0.062500000
vt 0.851562500 0.062500000
vt 0.851562500 0.093750000
vt 0.859375000 0.093750000
f 1712/1712 1711/1711 1710/1710 1709/1709
v 0.437500000 0.554687500 0.468194783
v 0.375000000 0.554687500 0.468194783
v 0.375000000 0.554687500 0.436944783
v 0.437500000 0.554687500 0.436944783
vt 0.875000000 0.054687500
vt 0.859375000 0.054687500
vt 0.859375000 0.062500000
vt 0.875000000 0.062500000
f 1716/1716 1715/1715 1714/1714 1713/1713
v 0.437500000 0.429687500 0.436944783
v 0.375000000 0.429687500 0.436944783
v 0.375000000 0.429687500 0.468194783
v 0.437500000 0.429687500 0.468194783
vt 0.890625000 0.062500000
vt 0.875000000 0.062500000
vt 0.875000000 0.054687500
vt 0.890625000 0.054687500
f 1720/1720 1719/1719 1718/1718 1717/1717
v 0.437500000 0.554687500 0.436944783
v 0.375000000 0.554687500 0.436944783
v 0.375000000 0.429687500 0.436944783
v 0.437500000 0.429687500 0.436944783
vt 0.875000000 0.062500000
vt 0.859375000 0.062500000
vt 0.859375000 0.093750000
vt 0.875000000 0.093750000
f 1724/1724 1723/1723 1722/1722 1721/1721
v 0.375000000 0.554687500 0.468194783
v 0.437500000 0.554687500 0.468194783
v 0.437500000 0.429687500 0.468194783
v 0.375000000 0.429687500 0.468194783
vt 0.898437500 0.062500000
vt 0.882812500 0.062500000
vt 0.882812500 0.093750000
vt 0.898437500 0.093750000
f 1728/1728 1727/1727 1726/1726 1725/1725
o r27
usemtl gun
v 1.406250000 0.585937500 0.655694783
v 1.406250000 0.585937500 0.593194783
v 1.406250000 0.398437500 0.593194783
v 1.406250000 0.398437500 0.655694783
vt 0.945312500 0.117187500
vt 0.929687500 0.117187500
vt 0.929687500 0.164062500
vt 0.945312500 0.164062500
f 1732/1732 1731/1731 1730/1730 1729/1729
v 1.375000000 0.585937500 0.593194783
v 1.375000000 0.585937500 0.655694783
v 1.375000000 0.398437500 0.655694783
v 1.375000000 0.398437500 0.593194783
vt 0.921875000 0.117187500
vt 0.906250000 0.117187500
vt 0.906250000 0.164062500
vt 0.921875000 0.164062500
f 1736/1736 1735/1735 1734/1734 1733/1733
v 1.406250000 0.585937500 0.655694783
v 1.375000000 0.585937500 0.655694783
v 1.375000000 0.585937500 0.593194783
v 1.406250000 0.585937500 0.593194783
vt 0.929687500 0.101562500
vt 0.921875000 0.101562500
vt 0.921875000 0.117187500
vt 0.929687500 0.117187500
f 1740/1740 1739/1739 1738/1738 1737/1737
v 1.406250000 0.398437500 0.593194783
v 1.375000000 0.398437500 0.593194783
v 1.375000000 0.398437500 0.655694783
v 1.406250000 0.398437500 0.655694783
vt 0.937500000 0.117187500
vt 0.929687500 0.117187500
vt 0.929687500 0.101562500
vt 0.937500000 0.101562500
f 1744/1744 1743/1743 1742/1742 1741/1741
v 1.406250000 0.585937500 0.593194783
v 1.375000000 0.585937500 0.593194783
v 1.375000000 0.398437500 0.593194783
v 1.406250000 0.398437500 0.593194783
vt 0.929687500 0.117187500
vt 0.921875000 0.117187500
vt 0.921875000 0.164062500
vt 0.929687500 0.164062500
f 1748/1748 1747/1747 1746/1746 1745/1745
v 1.375000000 0.585937500 0.655694783
v 1.406250000 0.585937500 0.655694783
v 1.406250000 0.398437500 0.655694783
v 1.375000000 0.398437500 0.655694783
vt 0.953125000 0.117187500
vt 0.945312500 0.117187500
vt 0.945312500 0.164062500
vt 0.953125000 0.164062500
f 1752/1752 1751/1751 1750/1750 1749/1749
